/*
    @author kenneth.cruz@unah.hn
    @version 0.1.9
    @date 21/03/2021
*/

USE Ecommerce;

SET FOREIGN_KEY_CHECKS = 0;

-- TRUNCATE TABLE Login;

TRUNCATE TABLE Person;
TRUNCATE TABLE User;

-- Client
TRUNCATE TABLE Client;
TRUNCATE TABLE Address;
TRUNCATE TABLE Country;
TRUNCATE TABLE CreditCard;
TRUNCATE TABLE Invoice;
TRUNCATE TABLE InvoiceDetail;

-- Employee
TRUNCATE TABLE Employee;
TRUNCATE TABLE EmployeeStore;

-- Orden de compra
TRUNCATE TABLE CustomerOrder;
TRUNCATE TABLE GeneralOrder;
TRUNCATE TABLE BusinessOrder;

TRUNCATE TABLE Store;
TRUNCATE TABLE Supplier;
TRUNCATE TABLE SupplierOrder;

TRUNCATE TABLE Inventory;


-- Product
TRUNCATE TABLE Category;
TRUNCATE TABLE Product;
TRUNCATE TABLE Laptop;
TRUNCATE TABLE Monitor;
TRUNCATE TABLE OperativeSystem;
TRUNCATE TABLE Port;
TRUNCATE TABLE Portable;
TRUNCATE TABLE PortableSpeaker;
TRUNCATE TABLE Printer;
TRUNCATE TABLE Smartphone;
TRUNCATE TABLE Tv;
TRUNCATE TABLE VersionOS;
TRUNCATE TABLE Accessory;
TRUNCATE TABLE Cellphone;
TRUNCATE TABLE Audio;
TRUNCATE TABLE AudioSystem;
TRUNCATE TABLE Computer;
TRUNCATE TABLE Console;
TRUNCATE TABLE Desktop;
TRUNCATE TABLE GraphicCard;
TRUNCATE TABLE HomeTheater;
TRUNCATE TABLE Interface;
TRUNCATE TABLE Manufacturer;

SET FOREIGN_KEY_CHECKS = 1;

INSERT INTO User(tex_email, tex_password, cod_rol) VALUES
    ('admin@admin.com', 'admin', 4)
;

INSERT INTO Person(id_user_fk, tex_dni, tex_first_name, tex_last_name, cod_gender, tim_birthday) VALUES 
    (1, "0801199905796", "admin", "admin", 3, '1987-01-25')
;


INSERT INTO Country(tex_name, tex_iso ) VALUES
    ('Andorra','AD'),
    ('United Arab Emirates','AE'),
    ('Afghanistan','AF'),
    ('Antigua and Barbuda','AG'),
    ('Anguilla','AI'),
    ('Albania','AL'),
    ('Armenia','AM'),
    ('Netherlands Antilles','AN'),
    ('Angola','AO'),
    ('Antarctica','AQ'),
    ('Argentina','AR'),
    ('American Samoa','AS'),
    ('Austria','AU'),
    ('Australia','AS'),
    ('Aruba','AW'),
    ('Azerbaijan','AZ'),
    ('Bosnia and Herzegovina','BA'),
    ('Barbados','BB'),
    ('Bangladesh','BD'),
    ('Belgium','BE'),
    ('Burkina Faso','BF'),
    ('Bahrain','BH'),
    ('Burundi','BI'),
    ('Benin','BJ'),
    ('Bermuda','BM'),
    ('Bolivia','BO'),
    ('Brazil','BR'),
    ('Bahamas','BS'),
    ('Bhutan','BT'),
    ('Bouvet Island','BU'),
    ('Bulgaria','BV'),
    ('Botswana','BW'),
    ('Brunei Darussalam','BX'),
    ('Belarus','BY'),
    ('Belize','BZ'),
    ('Canada','CA'),
    ('Cocos (Keeling) Islands','CC'),
    ('Central African Republic','CF'),
    ('Congo','CG'),
    ('Switzerland','CH'),
    ("Cote D'Ivoire (Ivory Coast)",'CI'),
    ('Cook Islands','CK'),
    ('Chile','CL'),
    ('Cameroon','CM'),
    ('China','CN'),
    ('Colombia','CO'),
    ('Costa Rica','CR'),
    ('Cuba','CU'),
    ('Cape Verde','CV'),
    ('Christmas Island','CX'),
    ('Cyprus','CY'),
    ('Czech Republic','CZ'),
    ('Germany','DE'),
    ('Djibouti','DJ'),
    ('Denmark','DK'),
    ('Dominica','DM'),
    ('Dominican Republic','DO'),
    ('Algeria','DZ'),
    ('Ecuador','EC'),
    ('Estonia','EE'),
    ('Egypt','EG'),
    ('Western Sahara','EH'),
    ('Eritrea','ER'),
    ('Spain','ES'),
    ('Ethiopia','ET'),
    ('Finland','FI'),
    ('Fiji','FJ'),
    ('Falkland Islands (Malvinas)','FK'),
    ('Micronesia','FM'),
    ('Faroe Islands','FO'),
    ('France','FR'),
    ('Gabon','GA'),
    ('Great Britain (UK)','GB'),
    ('Grenada','GD'),
    ('Georgia','GE'),
    ('French Guiana','GF'),
    ('Ghana','GH'),
    ('Gibraltar','GI'),
    ('Greenland','GL'),
    ('Gambia','GM'),
    ('Guinea','GN'),
    ('Guadeloupe','GP'),
    ('Equatorial Guinea','GQ'),
    ('Greece','GR'),
    ('South Georgia and South, Sandwich Islands','GS'),
    ('Guatemala','GT'),
    ('Guam','GU'),
    ('Guinea-Bissau','GW'),
    ('Guyana','GY'),
    ('Hong Kong','HK'),
    ('Heard and McDonald Islands','HM'),
    ('Honduras','HN'),
    ('Croatia and Hrvatska','HR'),
    ('Haiti','HT'),
    ('Hungary','HU'),
    ('Indonesia','ID'),
    ('Ireland','IE'),
    ('Israel','IL'),
    ('India','IN'),
    ('British Indian Ocean Territory','IO'),
    ('Iraq','IQ'),
    ('Iran','IR'),
    ('Iceland','IS'),
    ('Italy','IT'),
    ('Jamaica','JM'),
    ('Jordan','JO'),
    ('Japan','JP'),
    ('Kenya','KE'),
    ('Kyrgyzstan','KG'),
    ('Cambodia','KH'),
    ('Kiribati','KI'),
    ('Comoros','KM'),
    ('Saint Kitts and Nevis)','KN'),
    ('Korea North','KP'),
    ('Korea South','KR'),
    ('Kuwait','KW'),
    ('Cayman Islands','KY'),
    ('Kazakhstan','KZ'),
    ('Laos','LA'),
    ('Lebanon','LB'),
    ('Saint Lucia','LC'),
    ('Liechtenstein','LI'),
    ('Sri Lanka','LK'),
    ('Liberia','LR'),
    ('Lesotho','LS'),
    ('Lithuania','LT'),
    ('Luxembourg','LU'),
    ('Latvia','LV'),
    ('Libya','LY'),
    ('Morocco','MA'),
    ('Monaco','MC'),
    ('Moldova','MD'),
    ('Madagascar','MG'),
    ('Marshall Islands','MH'),
    ('Macedonia','MK'),
    ('Mali','ML'),
    ('Myanmar','MM'),
    ('Mongolia','MN'),
    ('Macau','MO'),
    ('Northern Mariana Islands','MP'),
    ('Martinique','MQ'),
    ('Mauritania','MR'),
    ('Montserrat','MS'),
    ('Malta','MT'),
    ('Mauritius','MU'),
    ('Maldives','MV'),
    ('Malawi','MW'),
    ('Mexico','MX'),
    ('Malaysia','MY'),
    ('Mozambique','MZ'),
    ('Namibia','NA'),
    ('New Caledonia','NC'),
    ('Niger','NE'),
    ('Norfolk Island','NF'),
    ('Nigeria','NG'),
    ('Nicaragua','NI'),
    ('Netherlands','NE'),
    ('Norway','NO'),
    ('Nepal','NP'),
    ('Nauru','NR'),
    ('Niue','NU'),
    ('New Zealand','NZ'),
    ('Oman','OM'),
    ('Panama','PA'),
    ('Peru','PE'),
    ('French Polynesia','PF'),
    ('Papua New Guinea','PG'),
    ('Philippines','PH'),
    ('Pakistan','PK'),
    ('Poland','PO'),
    ('St. Pierre and Miquelon','PM'),
    ('Pitcairn','PN'),
    ('Puerto Rico','PR'),
    ('Portugal','PT'),
    ('Palau','PW'),
    ('Paraguay','PY'),
    ('Qatar','QA'),
    ('Reunion','RE'),
    ('Romania','RO'),
    ('Russian Federation','RU'),
    ('Rwanda','RW'),
    ('Saudi Arabia','SA'),
    ('Solomon Islands','SB'),
    ('Seychelles','SC'),
    ('Sudan','SD'),
    ('Sweden','SE'),
    ('Singapore','SG'),
    ('St. Helena','SH'),
    ('Slovenia','SI'),
    ('Svalbard and Jan Mayen, Islands','SJ'),
    ('Slovak Republic','SK'),
    ('Sierra Leone','SL'),
    ('San Marino','SM'),
    ('Senegal','SN'),
    ('Somalia','SO'),
    ('Suriname','SR'),
    ('Sao Tome and Principe','ST'),
    ('El Salvador','SV'),
    ('Syria','SY'),
    ('Swaziland','SZ'),
    ('Turks and Caicos Islands','TC'),
    ('Chad','TD'),
    ('French Southern Territories', 'TF'),
    ('Togo','TG'),
    ('Thailand','TH'),
    ('Tajikistan','TI'),
    ('Tokelau','TK'),
    ('Turkmenistan','TM'),
    ('Tunisia','TN'),
    ('Tonga','TO'),
    ('East Timor','TP'),
    ('Turkey','TR'),
    ('Trinidad and Tobago','TT'),
    ('Tuvalu','TV'),
    ('Taiwan','TW'),
    ('Tanzania','TZ'),
    ('Ukraine','UA'),
    ('Uganda','UG'),
    ('United Kingdom','UK'),
    ('US Minor Outlying Islands','UM'),
    ('United States of America (USA)','US'),
    ('Uruguay','UY'),
    ('Uzbekistan','UZ'),
    ('Vatican City State', 'VA'),
    ('Saint Vincent and the, Grenadines','VC'),
    ('Venezuela','VE'),
    ('Virgin Islands (British)','VG'),
    ('Viet Nam','VN'),
    ('Vanuatu','VU'),
    ('Wallis and Futuna Islands','WF'),
    ('Samoa','WS'),
    ('Yemen','YE'),
    ('Mayotte','YT'),
    ('Yugoslavia','YU'),
    ('South Africa','ZA'),
    ('Zambia','ZM'),
    ('Zaire','ZR'),
    ('Zimbabwe','ZW')
;

/*
INSERT INTO Person(tex_dni, tex_first_name, tex_last_name, bit_gender, tim_birthday, tex_email) VALUES 
 -- Empleados
 ('000-00-0000', 'Genesis','Eula',1,'2021/04/10', 'admin@admin.com'),
 ('657-94-9269', 'Lance', 'Roxbrough', 0, '1989/02/11', 'mocurrine0@blogs.com'),
 ('608-72-2038', 'Bryant', 'Cromleholme', 1, '1994/10/27', 'tdaouze1@noaa.gov'),
 ('129-66-8969', 'Herby', 'Playhill', 1, '1980/02/09', 'osimmens2@oracle.com'),
 ('171-96-4376', 'Donnell', 'Meggison', 1, '1991/03/31', 'escarce3@nytimes.com'),
 ('347-40-3311', 'Cirillo', 'Cousans', 0, '1975/05/18', 'wwiseman4@auda.org.edu'),
 ('830-06-0019', 'Rudolf', 'Byrcher', 1, '2001/06/27', 'hkarchowski5@discovery.com'),
 ('894-80-1028', 'Hieronymus', 'Wondraschek', 0, '1989/09/05', 'ecoppenhall6@wordpress.com'),
 ('556-58-4765', 'Averill', 'McGilbon', 1, '1972/02/12', 'mgrealey7@skype.com'),
 ('377-19-7245', 'Gun', 'Withinshaw', 0, '1979/10/03', 'awycherley8@ed.gov'),
 ('147-90-4884', 'Farly', 'Percival', 1, '1979/10/25', 'ihackleton9@google.de'),
 ('319-18-2191', 'Gustavus', 'Sollam', 0, '1986/09/15', 'respina@webeden.com'),
 ('284-24-5507', 'Jerrie', 'McCreery', 0, '1991/05/03', 'hhaywoodb@eepurl.com'),
 ('385-09-8028', 'Vasily', 'Gilliland', 1, '1971/08/27', 'pbriggsc@1und1.de'),
 ('639-71-0923', 'Gearard', 'Solomon', 1, '1983/07/26', 'tfadiand@chronoengine.com'),
 ('865-50-0731', 'Dexter', 'Gaytor', 1, '1971/12/29', 'ehugine@washingtonpost.com'),
 ('530-10-1583', 'Rodolph', 'Vero', 0, '1976/10/16', 'mhambatchf@sphinn.com'),
 ('279-46-2528', 'Sky', 'Serchwell', 1, '1979/01/19', 'sgillyettg@etsy.com'),
 ('636-94-2079', 'Tyrone', 'Feeley', 1, '1978/07/29', 'spendreyh@businessinsider.com'),
 ('521-38-0292', 'Louie', 'McCaighey', 1, '1990/02/05', 'bfarensi@cyberchimps.com'),
 ('885-22-5148', 'Randell', 'Banasevich', 0, '1991/11/05', 'ahowsegoj@biglobe.ne.'),
 ('183-52-0282', 'Ebenezer', 'Lovejoy', 0, '2002/11/08', 'bpottberryk@prweb.com'),
 ('114-56-2410', 'Rustin', 'Ledwith', 0, '2000/05/09', 'crottgerl@fema.gov'),
 ('310-29-4313', 'Alan', 'Kershow', 0, '1993/03/30', 'ggeraudym@blogspot.com'),
 ('629-40-6609', 'Herve', 'Martyn', 1, '1974/10/19', 'hmoonn@google.cn'),
 ('702-97-7779', 'Wilt', 'Smail', 1, '1974/04/13', 'rraffano@usnews.com'),
 ('532-76-7766', 'Lucias', 'Wyleman', 0, '1995/12/04', 'gchittleburghp@jalbum.net'),
 ('874-32-1068', 'Denny', 'Vinton', 0, '1984/05/28', 'dartissq@cdbaby.com'),
 ('856-31-9934', 'Tallie', 'Croasdale', 1, '1979/06/11', 'omauldenr@oracle.com'),
 ('698-05-3304', 'Aguie', 'Rothert', 0, '1974/09/25', 'cmcshirries@aol.com'),
 ('688-03-1316', 'Cullan', 'Fealey', 0, '1970/04/01', 'bbernardont@globo.com'),
 ('199-55-8298', 'Klement', 'Pettifor', 1, '1991/07/09', 'rreedyhoughu@goo.gl'),
 ('657-87-4195', 'Salim', 'Locks', 1, '2002/03/14', 'sduinkerkv@berkeley.edu'),
 ('532-57-4989', 'Alex', 'Storrar', 0, '1984/10/21', 'rwhelpdalew@auda.org.ed'),
 ('254-22-6106', 'Hewe', 'Hooban', 0, '1991/11/14', 'ccoathupx@facebook.com'),
 ('209-01-6367', 'Ward', 'Pocklington', 1, '1999/11/30', 'trubinowitchy@walmart.com'),
 ('261-50-5772', 'Lennie', 'Hanley', 1, '1983/09/24', 'kscurrellz@bandcamp.com'),
 ('240-35-8024', 'Clevie', 'Cicconetti', 1, '1984/03/18', 'mbruhnke10@senate.gov'),
 ('354-05-4674', 'Otes', 'Hinkensen', 0, '1989/12/06', 'blowell11@deliciousdays.com'),
 ('689-67-5004', 'Hasty', 'Bidwell', 1, '1987/07/25', 'kcrotch12@drupal.org'),
 ('870-08-0476', 'Chan', 'Kenwright', 1, '2002/07/27', 'cpickburn13@skype.com'),
 ('755-88-2408', 'Marten', 'Slocumb', 0, '2001/05/08', 'bforshaw14@dropbox.com'),
 ('675-04-8085', 'Karlens', 'Mahood', 1, '1970/09/16', 'jstidworthy15@weebly.com'),
 ('658-98-6385', 'Arne', 'Capewell', 0, '1992/09/29', 'csergean16@nature.com'),
 ('882-82-6694', 'Nahum', 'Oxtiby', 1, '1999/11/24', 'mweatherell17@indiegogo.com'),
 ('887-04-6877', 'Ingamar', 'Sumbler', 1, '1988/10/22', 'elinsley18@printfriendly.com'),
 ('158-08-8497', 'Gaelan', 'Jakubczyk', 0, '1976/07/11', 'nmisk19@geocities.jp'),
 ('357-94-1740', 'Emile', 'Wolfer', 1, '2000/07/30', 'rmcmains1a@google.es'),
 ('541-37-4576', 'Park', 'Nerheny', 1, '1987/06/01', 'ncross1b@ucla.edu'),
 ('388-67-9430', 'Nikolas', 'Morphet', 1, '1981/08/01', 'ykingsnode1c@foxnews.com'),
 ('898-03-9126', 'Merell', 'Goodman', 0, '1990/04/26', 'rgaudon1d@japanpost.jp'),
 
 -- Clientes
 ('563-04-3908', 'Josias', 'Fabbro', 1, '1974/12/24', 'mharme1e@dot.gov'),
 ('344-47-6106', 'Pascal', 'Greening', 0, '2003/03/26', 'hblagdon1f@vimeo.com'),
 ('864-63-1494', 'Alexander', 'Tiller', 1, '1999/01/09', 'bcalcutt1g@netvibes.com'),
 ('683-48-7002', 'Hale', 'Bartosek', 0, '2002/06/30', 'lbarbara1h@nhs.uk'),
 ('171-72-2479', 'Wallache', 'Raoux', 0, '1980/08/05', 'kmcimmie1i@abc.net.com'),
 ('487-30-1758', 'Artie', 'Broadwood', 1, '1971/02/02', 'cattenborrow1j@princeton.edu'),
 ('520-17-5526', 'Noak', 'Kesten', 1, '1990/05/14', 'atroughton1k@elpais.com'),
 ('209-56-9560', 'Yardley', 'De Brett', 1, '1972/12/31', 'truzic1l@bing.com'),
 ('140-41-7924', 'Kipp', 'Bourdice', 1, '1983/07/26', 'gbaistow1m@prnewswire.com'),
 ('303-34-5258', 'Mortie', 'Challender', 1, '1993/12/31', 'cshakespear1n@google.de'),
 ('631-59-1990', 'Sanson', 'Mortlock', 0, '1982/05/14', 'gnormington1o@aboutads.info'),
 ('779-45-2971', 'Sumner', 'Cabrara', 1, '1975/07/16', 'mpawson1p@eventbrite.com'),
 ('367-83-7114', 'Donovan', 'Brabant', 1, '1979/04/14', 'nstrachan1q@apache.org'),
 ('479-65-8948', 'Darren', 'Ianno', 0, '1997/03/11', 'ccraze1r@wikia.com'),
 ('244-54-3699', 'Welby', 'Saddington', 0, '1983/12/31', 'udecoursey1s@bbc.com'),
 ('380-76-6828', 'Paddie', 'Pepineaux', 0, '1981/01/30', 'rmeaddowcroft1t@theguardian.com'),
 ('183-48-2262', 'Damon', 'Hizir', 1, '1984/11/30', 'rbielfeldt1u@reverbnation.com'),
 ('831-94-4334', 'Brook', 'Laverick', 1, '1998/05/01', 'dcallender1v@si.edu'),
 ('385-03-0979', 'Gregorio', 'Pelzer', 1, '1976/02/26', 'mferier1w@amazon.de'),
 ('204-23-4424', 'Elton', 'Epinay', 1, '1986/12/27', 'bgeharke1x@salon.com'),
 ('813-52-1556', 'Reamonn', 'Girt', 0, '1996/01/30', 'blapley1y@washington.edu'),
 ('801-57-6197', 'Hasty', 'Krzyzaniak', 0, '2004/06/01', 'drouke1z@woothemes.com'),
 ('373-24-7941', 'Linus', 'Gynn', 0, '2000/11/13', 'gducarne20@diigo.com'),
 ('771-88-3028', 'Abdel', 'Huggens', 1, '1988/01/12', 'aronald21@tmall.com'),
 ('247-07-9858', 'Eddie', 'Lancley', 0, '2003/08/09', 'rrummin22@csmonitor.com'),
 ('414-28-6653', 'Merrill', 'Starford', 1, '1978/03/30', 'gsikorski23@state.tx'),
 ('526-37-1895', 'Ly', 'Lowes', 1, '1981/01/31', 'mlashley24@dailymail.com'),
 ('170-32-8347', 'Lewiss', 'Rival', 0, '1989/01/16', 'wortega25@techcrunch.com'),
 ('269-02-6051', 'Tristan', 'Draper', 1, '1993/11/24', 'adilleston26@techcrunch.com'),
 ('290-72-8405', 'Hugh', 'Osanne', 1, '1993/12/10', 'sdacosta27@prweb.com'),
 ('727-03-8200', 'Iver', 'Hrinishin', 0, '1993/12/18', 'cgon28@buzzfeed.com'),
 ('175-52-6282', 'Felicio', 'Brotherton', 0, '1991/03/26', 'rgrowcott29@ebay.com'),
 ('259-95-7685', 'Holly', 'Paprotny', 1, '2001/06/15', 'mrosencwaig2a@ed.gov'),
 ('805-88-0314', 'Valdemar', 'Westrope', 1, '1986/05/02', 'surquhart2b@privacy.gov.hn'),
 ('521-79-2088', 'Van', 'Burchess', 1, '1988/08/02', 'ohiom2c@hubpages.com'),
 ('118-49-2694', 'Rodolphe', 'Orrey', 1, '1977/08/22', 'mhuguenet2d@devhub.com'),
 ('571-71-7814', 'Kermit', 'Budibent', 0, '1979/11/29', 'rarni2e@mtv.com'),
 ('856-45-5393', 'Chicky', 'Lickorish', 0, '1974/02/16', 'rhughman2f@shareasale.com'),
 ('374-14-5094', 'Delmar', 'Bruckner', 1, '1974/01/28', 'mvasichev2g@chron.com'),
 ('122-85-4683', 'Darrin', 'D''Abbot-Doyle', 0, '1994/12/20', 'ysheekey2h@scientificamerican.com'),
 ('355-61-7780', 'Benn', 'Gaffer', 0, '1978/10/23', 'otatters2i@samsung.com'),
 ('379-98-9678', 'Jeramey', 'Spink', 0, '1986/07/28', 'bdulinty2j@illinois.edu'),
 ('392-86-6314', 'Finn', 'Trowl', 0, '1994/05/15', 'eheeps2k@irs.gov'),
 ('358-16-6111', 'Herman', 'Oriel', 1, '1978/05/06', 'jharsum2l@infoseek.com'),
 ('610-74-1791', 'Sheridan', 'Shevelin', 0, '2004/06/29', 'fcaghy2m@indiegogo.com'),
 ('133-59-0567', 'Birch', 'Flecknoe', 1, '1992/04/19', 'rrhymes2n@ted.com'),
 ('544-14-6552', 'Durant', 'Gresswell', 1, '2003/05/17', 'csiegertsz2o@icq.com'),
 ('795-08-0500', 'Zared', 'Tallboy', 1, '1990/10/23', 'pgrady2p@ocn.net'),
 ('831-99-0833', 'Rowen', 'Choudhury', 0, '1975/12/05', 'flattimer2q@nsw.gov.com'),
 ('234-48-2534', 'Minor', 'Shakesby', 1, '1998/02/21', 'amunkton2r@feedburner.com'),
 ('214-44-9703', 'Lamond', 'Tutsell', 1, '2003/09/01', 'edeeth2s@newsvine.com'),
 ('356-58-5293', 'Adan', 'Roake', 0, '1971/11/06', 'aglencrosche2t@prnewswire.com'),
 ('527-07-8141', 'Nigel', 'Mulran', 1, '1994/02/12', 'jgaitskill2u@shareasale.com'),
 ('717-77-9294', 'Oren', 'Joplin', 1, '1981/11/09', 'kianni2v@boston.com'),
 ('172-61-6633', 'Sandy', 'Gosforth', 1, '2003/07/11', 'lklimshuk2w@businessweek.com'),
 ('183-91-0209', 'Colas', 'Deerr', 1, '2004/12/06', 'egorries2x@ibm.com'),
 ('300-82-3894', 'Araldo', 'Dougan', 0, '1979/11/18', 'cohartigan2y@twitter.com'),
 ('236-89-9320', 'Hammad', 'Delue', 1, '1996/12/08', 'lcrowther2z@mozilla.com'),
 ('205-66-1469', 'Mark', 'Mumford', 1, '2002/03/15', 'shance30@china.com'),
 ('268-62-5130', 'Em', 'Simeons', 0, '1983/12/21', 'capplegate31@unc.edu'),
 ('116-12-5096', 'Burr', 'Bricket', 1, '1992/11/24', 'amcpartling32@hao123.com'),
 ('608-37-5060', 'Brade', 'Mapson', 1, '1992/08/31', 'zharsnipe33@reddit.com'),
 ('898-17-8287', 'Emmery', 'Kleine', 1, '1975/12/04', 'owolland34@reverbnation.com'),
 ('180-53-6613', 'Marlow', 'Looby', 1, '1991/03/04', 'lwyss35@scribd.com'),
 ('476-78-2219', 'Granger', 'Paolotto', 1, '2004/12/26', 'sleethem36@shutterfly.com'),
 ('345-16-7027', 'Duff', 'Mewton', 0, '1979/05/12', 'snorthcote37@barnesandnoble.com'),
 ('222-55-8210', 'Cos', 'McQuilliam', 0, '2001/05/25', 'fcarnaman38@upenn.edu'),
 ('283-14-5294', 'Egor', 'Hatliffe', 0, '1977/10/05', 'ebeades39@soup.io'),
 ('341-39-0098', 'Ignatius', 'Casarili', 0, '2003/05/18', 'rwhiteway3a@npr.org'),
 ('649-94-2656', 'Morty', 'Allenson', 0, '1978/10/10', 'nbondley3b@nba.com'),
 ('675-86-2325', 'Kayne', 'Kwietek', 0, '1973/03/30', 'kgerhartz3c@wiley.com'),
 ('720-97-6961', 'Kristos', 'Coopland', 1, '1981/10/22', 'srawe3d@biblegateway.com'),
 ('801-86-4680', 'Jonathan', 'Gibb', 0, '1988/12/20', 'mohannen3e@reuters.com'),
 ('555-22-4819', 'Sol', 'Piolli', 1, '1982/09/02', 'cclubbe3f@google.de'),
 ('560-11-9734', 'Felic', 'Shone', 1, '1996/04/30', 'hdawber3g@blinklist.com'),
 ('787-63-2959', 'Hillery', 'Brickdale', 0, '1992/07/11', 'cbaroche3h@booking.com'),
 ('137-41-1771', 'Stewart', 'Coulling', 1, '1971/09/16', 'ldumsday3i@merriam-webster.com'),
 ('569-85-3124', 'Alfred', 'Madrell', 1, '1987/05/06', 'pvallery3j@prlog.org'),
 ('652-27-7206', 'Artemus', 'Andreichik', 0, '1980/09/27', 'jcopp3k@joomla.org'),
 ('801-18-1767', 'Bing', 'Bolley', 1, '1989/02/22', 'nmurtagh3l@redcross.org'),
 ('106-89-7298', 'Winnie', 'Smye', 1, '1979/10/23', 'adumphries3m@prweb.com'),
 ('423-71-9064', 'Jackie', 'Fowley', 0, '2004/07/16', 'pwiddall3n@abc.net.edu'),
 ('332-16-1590', 'Francklin', 'Gorrick', 0, '1976/02/26', 'padhams3o@dedecms.com'),
 ('862-62-6302', 'Sheridan', 'Beck', 0, '1985/04/11', 'hrentoll3p@ning.com'),
 ('655-22-1485', 'Octavius', 'Deamer', 0, '1984/08/28', 'mschrei3q@mediafire.com'),
 ('608-92-5082', 'Carce', 'Le Frank', 0, '1999/02/07', 'phare3r@xinhuanet.com'),
 ('269-98-7433', 'Kinsley', 'Block', 1, '1990/06/29', 'lbarttrum3s@yahoo.com'),
 ('189-28-0272', 'Gene', 'Scholar', 1, '1979/02/05', 'bkennsley3t@nifty.com'),
 ('389-35-0022', 'Leonardo', 'Askem', 1, '1979/11/23', 'sbeckett3u@walmart.com'),
 ('879-26-5126', 'Gus', 'Beaves', 0, '1997/11/02', 'kgillino3v@ebay.com'),
 ('532-19-9018', 'Ric', 'Feeham', 0, '2001/01/10', 'djickles3w@macromedia.com'),
 ('576-78-6655', 'Hermon', 'Gosse', 0, '1988/07/21', 'ttolchard3x@geocities.jp'),
 ('403-02-1508', 'Jerri', 'Irnys', 1, '1977/01/19', 'mcorzor3y@e-recht24.el'),
 ('471-52-9014', 'Ancell', 'Echelle', 1, '1973/08/11', 'orebeiro3z@hubpages.com'),
 ('328-84-7885', 'Ernestus', 'Bullas', 1, '1994/08/21', 'drathjen40@surveymonkey.com'),
 ('660-51-7068', 'Ludovico', 'Hazzard', 1, '1977/08/20', 'bdacey41@ihg.com'),
 ('829-36-3203', 'Anson', 'Vasyanin', 0, '1999/08/27', 'tmcettrick42@sakura.ne'),
 ('841-96-1970', 'Jethro', 'Duckhouse', 0, '1980/01/30', 'prodda43@gov.uk'),
 ('721-55-2654', 'Saxon', 'Purches', 1, '1982/07/18', 'ktimny44@sbwire.com'),
 ('105-22-9367', 'Raimundo', 'Jendrassik', 1, '1990/02/21', 'ecoxwell45@ihg.com'),
 ('126-40-3121', 'Cullin', 'Maffucci', 1, '1972/04/25', 'jkeatley46@vistaprint.com'),
 ('743-26-7087', 'Andrus', 'Sikorsky', 0, '1983/12/23', 'hscapelhorn47@shareasale.com'),
 ('766-65-5489', 'Odey', 'Raccio', 1, '1987/03/23', 'nclimar48@ovh.net'),
 ('344-09-6229', 'Micky', 'Beacon', 1, '1986/04/23', 'hcargon49@cdc.gov'),
 ('235-78-7713', 'Hartwell', 'Primett', 1, '1985/08/09', 'lbridgestock4a@narod.ru'),
 ('518-99-2174', 'Garwin', 'Jago', 0, '2000/07/20', 'khubbis4b@nifty.com'),
 ('294-28-5692', 'Thebault', 'Marchington', 1, '2002/04/23', 'psawney4c@admin.ch'),
 ('417-29-6503', 'Gus', 'covino', 1, '1977/05/12', 'gick4d@businessinsider.com'),
 ('622-59-2803', 'Baxie', 'Slyne', 1, '1974/01/20', 'nadess4e@newyorker.com'),
 ('744-72-1149', 'Nevile', 'Austins', 0, '1998/08/12', 'splumley4f@homestead.com'),
 ('680-56-0051', 'Alano', 'Devers', 1, '1979/04/11', 'jmaccracken4g@list-manage.com'),
 ('332-44-0602', 'Michele', 'Lambdean', 0, '1984/02/06', 'jgravey4h@issuu.com'),
 ('348-77-7156', 'Codie', 'Margetts', 0, '1971/06/06', 'wstoite4i@alexa.com'),
 ('724-60-6833', 'Norbie', 'Illing', 0, '1986/07/27', 'abartolommeo4j@un.org'),
 ('467-74-4912', 'Dominic', 'Odhams', 1, '1975/11/23', 'inilles4k@theatlantic.com'),
 ('245-67-6720', 'Enoch', 'Armsby', 0, '1994/03/16', 'celson4l@globo.com'),
 ('823-98-4970', 'Benjamen', 'Gofton', 1, '1999/06/29', 'sjorgesen4m@washington.edu'),
 ('848-18-1915', 'Aldwin', 'Fenelow', 0, '1986/08/07', 'itrodler4n@guardian.com'),
 ('241-44-3197', 'Udell', 'Blanc', 0, '1989/06/25', 'kcampes4o@paginegialle.it'),
 ('883-89-4384', 'Boycie', 'Venning', 1, '1972/07/26', 'baust4p@weebly.com'),
 ('609-61-1417', 'Leslie', 'Fransemai', 1, '1985/01/17', 'bspringford4q@wufoo.com'),
 ('351-62-4281', 'Duncan', 'Goggan', 0, '1981/10/10', 'bklezmski4r@feedburner.com'),
 ('647-51-3084', 'Quintin', 'Ramirez', 1, '1975/02/25', 'bmoyer4s@dropbox.com'),
 ('420-58-2918', 'Hugh', 'Bartoli', 1, '1990/03/02', 'rroddick4t@google.com'),
 ('703-08-9678', 'Berkly', 'Cullotey', 0, '1995/02/06', 'cwestberg4u@behance.net'),
 ('647-86-3579', 'Hank', 'Bole', 0, '1997/02/12', 'zbanham4v@instagram.com'),
 ('530-31-5591', 'Shermy', 'Giorgini', 1, '1970/06/28', 'ggiannoni4w@skype.com'),
 ('223-36-9311', 'Swen', 'Haddacks', 1, '1983/08/25', 'ksarney4x@cnbc.com'),
 ('311-08-0568', 'Tulley', 'Ebbitt', 1, '1986/03/21', 'atynnan4y@t-online.edu'),
 ('128-64-6639', 'Jefferey', 'Meneur', 1, '1971/03/06', 'dsharpling4z@adobe.com'),
 ('594-75-2626', 'Rollo', 'Uden', 1, '1982/08/04', 'tbuxsey50@livejournal.com'),
 ('105-06-2553', 'Hermann', 'Plesing', 1, '1989/04/28', 'tparffrey51@cbsnews.com'),
 ('280-47-2402', 'Bord', 'Samett', 1, '1989/05/05', 'melloway52@go.com'),
 ('240-76-1308', 'Thaxter', 'Handy', 0, '1985/11/17', 'klattie53@buzzfeed.com'),
 ('469-37-7036', 'Vail', 'Klemt', 1, '1992/07/20', 'yaires54@google.fr'),
 ('439-69-3259', 'Garner', 'Raulstone', 0, '1975/10/22', 'laicken55@ezinearticles.com'),
 ('516-37-9323', 'Finn', 'Burchnall', 1, '1986/07/12', 'dfoulcher56@mlb.com'),
 ('529-83-8189', 'Emmott', 'Overthrow', 1, '1997/09/08', 'kwiddop57@webmd.com'),
 ('379-67-1264', 'Brennen', 'Frankcombe', 1, '1994/08/20', 'rilyunin58@phpbb.com'),
 ('778-23-8259', 'Tome', 'Gotcliff', 0, '1973/08/01', 'dyoslowitz59@admin.ch'),
 ('716-41-6697', 'Godwin', 'Carnson', 0, '2001/05/02', 'fsmithen5a@oaic.gov.a'),
 ('222-76-2793', 'Geordie', 'Cosstick', 0, '1991/08/18', 'atearny5b@vk.com'),
 ('617-61-9318', 'Ash', 'Michelotti', 0, '1997/05/28', 'gbirkinshaw5c@bloomberg.com'),
 ('478-10-9900', 'Nickolaus', 'Ilsley', 1, '2003/03/18', 'mkofax5d@hatena.ne.j'),
 ('745-30-2362', 'Nikki', 'Berthel', 0, '1982/07/09', 'srooson5e@soup.io'),
 ('142-49-2232', 'Jacky', 'Garlick', 1, '1977/06/29', 'sattenborrow5f@plala.or.j'),
 ('756-73-6630', 'Sam', 'Pirdy', 0, '1984/12/13', 'cshuxsmith5g@usnews.com'),
 ('268-29-7811', 'Patrizius', 'Carnock', 1, '1985/04/11', 'wloiterton5h@toplist.cz'),
 ('753-39-6828', 'Herschel', 'Blazeby', 1, '1976/03/26', 'dgregh5i@addthis.com'),
 ('464-42-5141', 'Richart', 'Thickens', 0, '1989/12/24', 'arowney5j@chronoengine.com'),
 ('808-33-0508', 'Buddy', 'Alban', 0, '1993/02/13', 'kborzone5k@slideshare.net'),
 ('183-15-3767', 'Cyril', 'Klazenga', 1, '2003/12/03', 'jmckoy5l@hexun.com'),
 ('270-27-9078', 'York', 'Bulter', 1, '1995/02/06', 'wgull5m@mashable.com'),
 ('278-72-3108', 'Hugibert', 'Antowski', 0, '1998/01/24', 'mdumpleton5n@ca.gov'),
 ('673-23-3357', 'Powell', 'Cleugher', 1, '1999/02/01', 'kmcowan5o@qq.com'),
 ('220-49-4551', 'Yvon', 'Boothroyd', 1, '1992/08/03', 'jkirkness5p@drupal.org'),
 ('234-18-0116', 'Allayne', 'Cayley', 0, '1996/01/01', 'kbisley5q@lulu.com'),
 ('256-83-6228', 'Benito', 'Redgewell', 0, '1995/11/28', 'jfullegar5r@vkontakte.ru'),
 ('365-05-0586', 'Hamid', 'Beckerleg', 0, '2000/02/24', 'kgell5s@microsoft.com'),
 ('354-57-4099', 'Cleve', 'Gummer', 0, '1974/01/24', 'afeaveer5t@comsenz.com'),
 ('261-98-1276', 'Tomlin', 'McChruiter', 1, '1991/04/05', 'rbranson5u@goo.ne.m'),
 ('613-67-4317', 'Nolan', 'Lynd', 0, '1988/04/25', 'bcadney5v@seesaa.net'),
 ('662-52-2108', 'Moshe', 'Philpotts', 1, '2002/03/24', 'sbuckham5w@weibo.com'),
 ('712-65-4404', 'Sherlock', 'Telford', 0, '1972/10/16', 'msoar5x@seesaa.net'),
 ('234-43-3308', 'Thorsten', 'Camilleri', 0, '1991/01/05', 'dwakelin5y@gmpg.org'),
 ('829-83-0888', 'Elsworth', 'Huggon', 0, '1986/03/08', 'rraithbie5z@ft.com'),
 ('493-52-2972', 'Aristotle', 'Dudmarsh', 0, '1977/08/27', 'bchesters60@meetup.com'),
 ('362-59-2372', 'Enrico', 'Baylis', 0, '2004/05/23', 'ehumberstone61@wikimedia.org'),
 ('331-43-9148', 'Nikolos', 'Cragg', 1, '1982/10/01', 'rholbarrow62@themeforest.net'),
 ('440-72-0907', 'Sigfrid', 'Petrishchev', 1, '2003/04/16', 'mroadknight63@ning.com'),
 ('561-37-5707', 'Richy', 'Wollen', 1, '1976/10/07', 'atiffin64@taobao.com'),
 ('560-40-3789', 'Mickie', 'Print', 0, '1996/10/09', 'drubinlicht65@dropbox.com'),
 ('589-93-0571', 'Haywood', 'Twitty', 0, '1972/12/18', 'pmatchett66@webeden.co.m'),
 ('228-84-9621', 'Hal', 'Dorr', 0, '1995/03/08', 'ahawford67@sakura.ne.m'),
 ('884-22-9837', 'Friedrich', 'Banton', 1, '2000/09/22', 'vraddin68@craigslist.org'),
 ('407-31-3528', 'Jason', 'Caven', 0, '1981/10/08', 'hfinney69@gravatar.com'),
 ('677-08-9825', 'Skippie', 'Reding', 0, '1975/05/06', 'hrothery6a@desdev.cn'),
 ('553-12-9763', 'Roarke', 'Hullins', 0, '1994/09/09', 'mbacksal6b@dedecms.com'),
 ('303-64-0875', 'Cobbie', 'Pattingson', 0, '1974/02/26', 'jpearl6c@studiopress.com'),
 ('774-13-0212', 'Hilton', 'Proffer', 1, '1982/09/10', 'amariolle6d@xrea.com'),
 ('801-30-9989', 'Agosto', 'Tree', 0, '2001/09/11', 'mkenningley6e@bravesites.com'),
 ('719-01-4414', 'Tedd', 'Groome', 1, '1982/01/30', 'dquadling6f@macromedia.com'),
 ('179-64-6880', 'Klaus', 'Herrieven', 1, '2004/06/22', 'fpeteri6g@mapy.cz'),
 ('259-26-7552', 'Marshall', 'Ramelot', 0, '1978/01/11', 'friddell6h@nps.gov'),
 ('695-83-6878', 'Garv', 'Crowd', 1, '1991/08/14', 'bmccritichie6i@ft.com'),
 ('687-55-5987', 'Godfry', 'Gilbey', 0, '2002/05/10', 'nfirminger6j@usa.gov'),
 ('398-68-3562', 'Farly', 'Cady', 0, '1991/10/29', 'bcisec6k@quantcast.com'),
 ('122-99-3178', 'Alwin', 'Treadway', 0, '2002/08/24', 'ashortland6l@eventbrite.com'),
 ('797-97-4067', 'Barnie', 'Maggill''Andreis', 0, '1977/12/04', 'jkiledal6m@multiply.com'),
 ('430-92-6959', 'Salomon', 'Gloy', 0, '1981/12/23', 'cheaselgrave6n@oakley.com'),
 ('258-56-0313', 'Rabi', 'Letch', 0, '1996/03/20', 'dgellan6o@nymag.com'),
 ('658-95-7522', 'Trenton', 'Artus', 1, '1986/02/07', 'cmathy6p@sbwire.com'),
 ('525-23-0258', 'Gun', 'Wynch', 0, '1995/04/12', 'lolufsen6q@elpais.com'),
 ('654-89-1709', 'Rutger', 'Hannigan', 0, '2004/03/14', 'mmohammed6r@instagram.com'),
 ('283-91-5217', 'Temp', 'Baylie', 0, '1998/08/03', 'agreenier6s@facebook.com'),
 ('633-36-8420', 'Constantino', 'Hansford', 1, '1984/11/14', 'abalden6t@alibaba.com'),
 ('252-66-3042', 'Wendel', 'Gammett', 0, '1994/08/05', 'pbeverage6u@drupal.org'),
 ('559-63-6390', 'Chrissy', 'aManger', 1, '1980/07/19', 'kbuttfield6v@redcross.org'),
 ('729-22-2200', 'Alphonse', 'Somerled', 1, '1993/12/07', 'dbiset6w@loc.gov'),
 ('517-01-5394', 'Stinky', 'Sangwin', 1, '1993/07/22', 'ksycamore6x@theguardian.com'),
 ('335-22-6131', 'Kurtis', 'Pattrick', 0, '2003/01/22', 'lbreton6y@nationalgeographic.com'),
 ('614-03-5856', 'Ado', 'Wild', 1, '1981/10/04', 'jroistone6z@nhs.uk'),
 ('895-90-0549', 'Jae', 'Loyndon', 0, '1973/09/03', 'dlevine70@theatlantic.com'),
 ('829-11-6342', 'Ignatius', 'Meaden', 1, '1989/08/10', 'ssneezem71@ft.com'),
 ('196-11-8411', 'Fielding', 'Wilne', 0, '1991/02/26', 'nlatour72@so-net.m'),
 ('193-44-8963', 'Johnnie', 'D''Onise', 0, '1991/03/26', 'jallwright73@ask.com'),
 ('299-32-7210', 'Nobe', 'Hastler', 1, '1986/12/30', 'tlilion74@wix.com'),
 ('582-94-1197', 'Cointon', 'Fehely', 0, '1978/11/14', 'lsictornes75@sitemeter.com'),
 ('264-79-7301', 'Kleon', 'Rea', 1, '1997/02/12', 'dmiller76@mashable.com'),
 ('755-36-0758', 'Adlai', 'Vallens', 1, '1973/08/27', 'rcostigan77@de.vu'),
 ('741-46-6500', 'Huntington', 'Langrick', 0, '2003/05/05', 'cparrish78@blogger.com'),
 ('380-95-8964', 'Wilek', 'Woollin', 0, '2002/10/28', 'udavidov79@taobao.com'),
 ('248-93-8610', 'Broderick', 'Van Arsdale', 1, '2002/04/18', 'djenkin7a@wiley.com'),
 ('407-77-3622', 'Marve', 'Zeale', 0, '1999/05/28', 'lfrill7b@java.com'),
 ('814-72-7220', 'Worth', 'Caris', 1, '1980/02/17', 'lguenther7c@prlog.org'),
 ('694-54-1711', 'Darryl', 'Bischop', 0, '1989/09/22', 'rkembley7d@barnesandnoble.com'),
 ('262-64-9032', 'Pietro', 'Cafferky', 1, '1976/10/29', 'wdannatt7e@gmpg.org'),
 ('503-58-2884', 'Marlo', 'Provost', 0, '1976/11/09', 'bavann7f@dmoz.org'),
 ('418-64-3074', 'Christos', 'Gynni', 0, '1980/08/13', 'smacanulty7g@thetimes.co.m'),
 ('646-44-0646', 'Edgar', 'Sherrington', 0, '1991/10/22', 'msheeres7h@weibo.com'),
 ('601-24-1743', 'Konstantine', 'Abrams', 0, '1989/09/17', 'cgirvan7i@stanford.edu'),
 ('350-42-7582', 'Ogdan', 'Kryzhov', 0, '1991/04/25', 'aschops7j@vkontakte.ru'),
 ('497-40-3619', 'Charlton', 'Bailles', 1, '2003/05/06', 'ktoe7k@apple.com'),
 ('425-86-3267', 'Peter', 'Chelley', 1, '1987/11/29', 'gthonason7l@sbwire.com'),
 ('789-90-5325', 'Tedie', 'Colombier', 0, '1992/02/07', 'mbaszniak7m@hubpages.com'),
 ('633-61-5410', 'Worth', 'Stayt', 1, '1971/02/15', 'naicheson7n@java.com'),
 ('730-04-0917', 'Jess', 'Gonnel', 0, '1996/06/29', 'jhucknall7o@quantcast.com'),
 ('117-49-3607', 'Tirrell', 'Arnefield', 1, '1970/12/03', 'bguisot7p@miibeian.gov.m'),
 ('165-55-6361', 'Tommy', 'Breewood', 1, '1977/07/25', 'mheymes7q@google.ru'),
 ('194-90-4893', 'Bartholomew', 'Somerset', 1, '1989/12/04', 'bauchinleck7r@pbs.org'),
 ('818-45-6515', 'Zared', 'Lowth', 1, '2003/12/11', 'cwrist7s@berkeley.edu'),
 ('248-14-3183', 'Travis', 'Garlett', 0, '2002/10/13', 'cjarrelt7t@soup.io'),
 ('514-54-1552', 'Remington', 'Jendrich', 1, '1988/07/28', 'mscuse7u@symantec.com'),
 ('482-51-7599', 'Alexandre', 'Besantie', 0, '2004/11/15', 'wcrowe7v@hud.gov'),
 ('776-81-3304', 'Hakim', 'Brammall', 1, '1981/04/15', 'aborrett7w@pinterest.com'),
 ('122-23-2318', 'Jerome', 'Stanbury', 0, '1978/08/27', 'jdoige7x@nifty.com'),
 ('123-88-3350', 'Morlee', 'Leask', 0, '1997/04/30', 'bdauby7y@smugmug.com'),
 ('886-33-2062', 'Sollie', 'Triner', 1, '1995/08/24', 'arubee7z@marriott.com'),
 ('426-33-4150', 'Doyle', 'Harder', 0, '1995/09/27', 'abangle80@youtube.com'),
 ('324-08-0217', 'Benedikt', 'Hanmore', 0, '1976/12/30', 'tcaldaro81@usnews.com'),
 ('585-97-1880', 'Riobard', 'Digweed', 1, '1987/11/06', 'kchetwynd82@geocities.jp'),
 ('216-97-8439', 'Will', 'Sabbin', 1, '1986/05/05', 'schaffyn83@paginegialle.it'),
 ('819-88-9491', 'Eugene', 'Yarrington', 0, '1997/12/01', 'plempertz84@umich.edu'),
 ('594-15-1876', 'Rod', 'Hadgkiss', 0, '1972/09/27', 'tbernaciak85@godaddy.com'),
 ('163-66-7870', 'Nil', 'MacAloren', 1, '1991/03/30', 'bkleinberer86@mayoclinic.com'),
 ('831-27-7315', 'Hart', 'Erricker', 0, '1997/04/19', 'cmccheyne87@marketwatch.com'),
 ('661-32-5731', 'Tally', 'Applegarth', 1, '2000/01/17', 'trampley88@archive.org'),
 ('790-94-9699', 'Price', 'Haddrell', 1, '1994/10/04', 'gcornwall89@bigcartel.com'),
 ('421-71-6360', 'Micah', 'Tincey', 1, '1975/10/21', 'mklasing8a@sitemeter.com'),
 ('680-74-8482', 'Murry', 'Bispham', 0, '1970/05/16', 'itupie8b@globo.com'),
 ('188-22-1233', 'Simmonds', 'Hathwood', 1, '1986/01/23', 'fclee8c@indiegogo.com'),
 ('129-19-4367', 'Dominik', 'Footitt', 1, '1978/02/22', 'bbastard8d@ca.gov'),
 ('342-29-2932', 'Egon', 'Lowrie', 0, '2004/06/24', 'jprugel8e@hibu.com'),
 ('444-71-2816', 'Neel', 'Wadeling', 1, '1970/10/15', 'dfancett8f@bravesites.com'),
 ('259-84-6507', 'Sherwin', 'Chetham', 0, '2003/11/13', 'bmcmurrugh8g@eepurl.com'),
 ('318-69-3205', 'Zachariah', 'Corkhill', 0, '1984/04/19', 'mtankard8h@cyberchimps.com'),
 ('822-72-6593', 'Daren', 'Stratford', 1, '1993/05/05', 'vaire8i@google.pl'),
 ('154-93-4504', 'Gerrard', 'Margeram', 1, '1998/11/05', 'lagar8j@un.org'),
 ('470-96-3110', 'Conrade', 'Muslim', 0, '1970/05/17', 'jsaggs8k@live.com'),
 ('173-92-5394', 'Esra', 'Fuggles', 1, '1997/02/11', 'bgallamore8l@deviantart.com'),
 ('529-03-0937', 'Harland', 'Vannucci', 1, '1999/11/08', 'jgorse8m@ezinearticles.com'),
 ('120-81-9070', 'Benedicto', 'Storms', 0, '1978/03/23', 'obaff8n@nih.gov'),
 ('722-72-7748', 'Gerry', 'Wooder', 0, '1989/11/04', 'tmassen8o@comcast.net'),
 ('578-80-4121', 'Gerick', 'Ewen', 0, '1976/05/15', 'cenos8p@uol.com.m'),
 ('180-96-6081', 'Esdras', 'Ormerod', 0, '1993/03/08', 'jkoschke8q@t.co'),
 ('302-59-9518', 'Pavlov', 'Norris', 1, '1972/05/18', 'hpattingson8r@ifeng.com'),
 ('502-48-7172', 'Guthrey', 'Syder', 0, '2000/01/16', 'ycotgrove8s@wired.com'),
 ('203-43-2252', 'Quintus', 'Arman', 1, '1993/05/20', 'gheaney8t@hubpages.com'),
 ('231-22-1565', 'Malachi', 'Gadsdon', 0, '1985/05/19', 'rinnott8u@oaic.gov.m'),
 ('899-08-5184', 'Hansiain', 'Tucker', 0, '1988/09/19', 'emaro8v@cargocollective.com'),
 ('505-71-2280', 'Julius', 'Weller', 1, '1976/09/06', 'sorkney8w@example.com'),
 ('464-56-0922', 'Ossie', 'Cotterrill', 0, '1978/03/29', 'aeggerton8x@yellowpages.com'),
 ('753-01-2420', 'Gabie', 'Breakey', 1, '1979/06/02', 'sfyfe8y@narod.ru'),
 ('495-83-1781', 'Garreth', 'Doerrling', 1, '2001/05/09', 'jnellis8z@rediff.com'),
 ('489-75-9410', 'Tobin', 'MacGinney', 0, '1971/03/13', 'rfranzotto90@chronoengine.com'),
 ('285-82-9254', 'Callean', 'MacLice', 1, '1994/01/29', 'lstallybrass91@earthlink.net'),
 ('439-33-5794', 'Baudoin', 'Fer', 1, '1973/08/12', 'cgarmston92@businessinsider.com'),
 ('458-06-0315', 'Ermanno', 'Coverley', 1, '1989/07/18', 'gvampouille93@pagesperso-orange.m'),
 ('781-19-6294', 'Kristofor', 'Cornelius', 0, '1981/11/16', 'ipomphrett94@guardian.co.m'),
 ('292-94-5708', 'Mace', 'Pfaff', 1, '1986/07/31', 'blandy95@friendfeed.com'),
 ('758-35-2637', 'Sid', 'Mulloch', 0, '1980/03/02', 'ttrevain96@jugem.jp'),
 ('186-90-4622', 'Zach', 'Griffitts', 1, '1988/02/22', 'gborkin97@pcworld.com'),
 ('474-67-2817', 'Levi', 'Chat', 1, '1997/05/07', 'ryouson98@shinystat.com'),
 ('164-41-7698', 'Alfie', 'Storkes', 1, '1984/07/22', 'tcarlaw99@seesaa.net'),
 ('556-92-2455', 'Rodger', 'Steinson', 1, '1985/07/11', 'tmargrie9a@skyrock.com'),
 ('104-74-4604', 'Immanuel', 'Wilde', 0, '1979/10/01', 'vdaniell9b@storify.com'),
 ('505-66-3852', 'Baryram', 'Nunnerley', 1, '1988/08/13', 'cbritee9c@noaa.gov'),
 ('171-63-9597', 'Nealy', 'Musico', 1, '1989/12/31', 'cblankenship9d@dot.gov'),
 ('890-03-6876', 'Rollo', 'Ravilious', 0, '1982/07/04', 'mlukes9e@technorati.com'),
 ('390-60-8465', 'Igor', 'Lilley', 0, '2004/06/24', 'rconvery9f@senate.gov'),
 ('128-11-2746', 'Fitz', 'Kalb', 1, '1978/09/29', 'bcodner9g@about.com'),
 ('153-38-7762', 'Tomas', 'Alessandone', 1, '1971/08/15', 'rmcausland9h@addthis.com'),
 ('325-98-8537', 'Terrell', 'Soares', 1, '1986/05/04', 'pchristoffels9i@icq.com'),
 ('405-55-4081', 'Wyndham', 'Penhaleurack', 0, '1982/06/11', 'cdunguy9j@discovery.com'),
 ('100-78-6498', 'Hillard', 'Maffioletti', 0, '1998/08/24', 'jwelland9k@ning.com'),
 ('818-27-4178', 'Jackie', 'Warton', 1, '1970/12/19', 'bgregs9l@blogs.com'),
 ('669-69-7473', 'Jodi', 'Zanitti', 1, '1986/03/02', 'tyushankin9m@aboutads.info'),
 ('845-03-4129', 'Domenic', 'La Torre', 1, '1978/04/04', 'wtitman9n@issuu.com'),
 ('827-51-8545', 'Iago', 'Godfree', 0, '1992/09/03', 'tferrea9o@eventbrite.com'),
 ('791-09-6098', 'Traver', 'Major', 1, '1998/01/29', 'gericssen9p@tinyurl.com')
 ;


--
--  Administrador/Gerente
--

INSERT INTO User(id_person_fk, tex_password, cod_rol) VALUES
    (1, 'admin' ,1),
    (2, 'I65nmezG' ,1),
    (3, '46RGGxm5P9' ,1),
    (4, '4T643gn7B05' ,1),
    (5, 'yjH76bR' ,1),
    (6, 'hw0Xv6aVliT' ,1),
    (7, 'wLH0llwc' ,1),
    (8, 'ikkDOa3b' ,1),
    (9, 'gvdXPCcBdT96' ,1),
    (10, 'DSPffIQF' ,1)
;

--
--  Empleado
--

INSERT INTO User(id_person_fk, tex_password, cod_rol) VALUES
    (11, '7rnu81' ,2),
    (12, 'RD9NIZv9Dk' ,2),
    (13, 'AmWNJYJieEiZ' ,2),
    (14, 'ke9p0f5Qc' ,2),
    (15, 'Rf2w6zwlw' ,2),
    (16, '90WmMK' ,2),
    (17, 'x2nfAEs' ,2),
    (18, '6Lt3zWwYz' ,2),
    (19, 'Or69jCU' ,2),
    (20, 'UtDsOGfGJgZC' ,2),
    (21, 'cEdHW2n' ,2),
    (22, '9xdUJnfmvT' ,2),
    (23, 'CTqcUv2wO' ,2),
    (24, '1XZj0yUwUO' ,2),
    (25, '51NhwmzPJzo' ,2),
    (26, 'dOmiA57pp' ,2),
    (27, 'dvJvGs2YK78G' ,2),
    (28, '59Qv6aO9k9B' ,2),
    (29, 'FAp5qHNXoM' ,2),
    (30, 'V9qJZwl0B3SR' ,2),
    (31, 'tsNmON' ,2),
    (32, 'efgm3Tt9bnc' ,2),
    (33, 'ZZvwXRltFRbi' ,2),
    (34, 'Ce9N57Zy0Nn2' ,2),
    (35, 'Uhs8XPHitb1' ,2),
    (36, 'UlOvzI38LA' ,2),
    (37, 'LuT4BitAL3Ob' ,2),
    (38, 'OC9ZuLbLcSwn' ,2),
    (39, 'LfccNGNsEq' ,2),
    (40, 'N17OR7O' ,2),
    (41, 'uuFhkI2KEvsH' ,2),
    (42, 'orhXlmAlERGD' ,2),
    (43, 'qQNviunDyMR' ,2),
    (44, 'LrmWRnupo5' ,2),
    (45, 'NQYvvWUdhH9B' ,2),
    (46, 'Bb0aPy7E' ,2),
    (47, '8QwIh3Ge' ,2),
    (48, 'HajDpgDBxY' ,2),
    (49, 'JTelKi9box' ,2),
    (50, '4CxkVW7i' ,2)
;


--
--  Clientes
--

 INSERT INTO User(id_person_fk, tex_password) VALUES
    (51, 't1vCtMzpO1P'),
    (52, 'Lc1zNZfjs'),
    (53, 'LIcfX5h'),
    (54, '43N1RSHxHgm'),
    (55, 'BEmoxkmtz5'),
    (56, 'kO8msKiZOZVk'),
    (57, 'NIs0jyvS5'),
    (58, 'dKIEILKIjgYN'),
    (59, 'dsrsFUjnrh'),
    (60, 'BELhJywe3P'),
    (61, '3dV5MC'),
    (62, '7IiRBDY'),
    (63, 'ST7eqgQG'),
    (64, 'CaMpFl3Ax6rD'),
    (65, 'ExSiiBQ'),
    (66, 'AFu1rWg0'),
    (67, 'Tixa2fy'),
    (68, 'OL8mpypQy'),
    (69, 'BU3aW2o'),
    (70, '7Ecu0IBV24h'),
    (71, '2lkuFtHp'),
    (72, '4kRyv5'),
    (73, 'Tt1PiaG1e'),
    (74, 'o58Ivx'),
    (75, 'OihnZA'),
    (76, 'dcYARkD'),
    (77, 'D0zQFXL1'),
    (78, '4DEPnP'),
    (79, 'hEDTFABWe'),
    (80, '1rgqp2pvwL'),
    (81, 'o3YOFhU'),
    (82, 'TFaXa8eDI'),
    (83, '2HeCR1jXqDv'),
    (84, 'qZ2A737hj9'),
    (85, 'dQuNp9n7eR6z'),
    (86, 'MIPesOC'),
    (87, 'N9XAem2'),
    (88, 'itV6YZ46RSvQ'),
    (89, 'Zxe7Y5'),
    (90, 'SleQk4E'),
    (91, 'TEU3fw'),
    (92, 'MLiC42y6UmAh'),
    (93, 'SnVIlTsGXy'),
    (94, 'K7hSLH'),
    (95, 'FrMdjThu'),
    (96, 'PDBbNaFmSTfa'),
    (97, 'eHobOuQ3i'),
    (98, '8f4EKOPWi1Ml'),
    (99, 'b2WhYDn29'),
    (100, 'GBEbg6F'),
    (101, 'FpDMvXDW'),
    (102, 'qQeSwtA'),
    (103, '5F4QLPAa'),
    (104, 'oKtUF842NU'),
    (105, 'AIg4qgo'),
    (106, 'fB03zflwi6S'),
    (107, 'Dw42HktTa'),
    (108, 'pv6ipTcc'),
    (109, 'tTOwRMxV'),
    (110, 'YpFNto5W'),
    (111, 'RJEgDC'),
    (112, 'm5ADHMsbVCO'),
    (113, 'TZBd2Dy'),
    (114, 'fm3qAbS'),
    (115, 'tXaW5ggLs'),
    (116, 'FwZwdXEHS'),
    (117, 'r0n0fmOIkBo'),
    (118, 'QtJ5Qqr8'),
    (119, 'Znb2APX'),
    (120, 'MYrMmwD'),
    (121, 'TXESNBC9'),
    (122, 'pzjTfbbOm'),
    (123, '5Uic7Ssq'),
    (124, 'B4sFTEHSQOW5'),
    (125, 'JzdjDHILzq'),
    (126, 'Scms1yrTxO'),
    (127, 'IYe2gfNA'),
    (128, '8gjkEbpKxh'),
    (129, 'dowaScw6YK'),
    (130, 'x5Gt16HlA0t'),
    (131, 'qbbwJ7iV9r'),
    (132, 'o39bTxCb'),
    (133, 'cm0IOV'),
    (134, 'NnBVe61s'),
    (135, 'NkBHKzA'),
    (136, '7f323nn2s'),
    (137, 'yYeWBsnq6z0t'),
    (138, 'bbsul54JrSi'),
    (139, 'Oox7B6rs'),
    (140, 'i0oQfS3X'),
    (141, 'Wj0QCvYe03Fm'),
    (142, 'dTXABDtswnKl'),
    (143, 'SLycLsi8'),
    (144, 'tkuBl0QnyK'),
    (145, 'NLyqacbNv'),
    (146, 'Smz1m1A7'),
    (147, 'zaO1iUc'),
    (148, 'R32y4obEJv'),
    (149, 'zfsOt3jFu3Kk'),
    (150, 'm7e74n'),
    (151, 'Lu5oaZB31'),
    (152, 'Y7NU7PFpdB'),
    (153, 'lruH4DHhFI8'),
    (154, 'iNgWRGKd4'),
    (155, 'SidcaXy'),
    (156, 'v33MQSUKi10'),
    (157, 'nYDEqbMlC'),
    (158, 'AB5IxxkUQwv'),
    (159, 'Y3GrYr'),
    (160, '2ArGWm'),
    (161, '8AnKPylGjxTW'),
    (162, 'hf9Ie1lyaNe'),
    (163, 'xZr4iiC'),
    (164, 'zHCnDMJ6FEfh'),
    (165, 'JuvPcx0'),
    (166, 'QmE47yCt'),
    (167, 'uN5KavFIrJGo'),
    (168, 'nlItzCx90fQ'),
    (169, 'TF5y9h'),
    (170, 'CSBTzRCz7y'),
    (171, 'PxKka0Ag9Lc'),
    (172, 'LBOgcvfjV'),
    (173, 'E87161NzWgo'),
    (174, 'D92MkFbw'),
    (175, 'gXoNypXG58g'),
    (176, '2Q7dyNcoY5'),
    (177, 'OOlvWz'),
    (178, 'KFDJrtmkFJlN'),
    (179, 'U7aY4ASmXCF'),
    (180, 'DLtl9ucES'),
    (181, 'xhRoBP4'),
    (182, 'PxyDhg4'),
    (183, 'vrwzi3NG3'),
    (184, '6ms8lJShk'),
    (185, 'HJDNO2M'),
    (186, 'bk2ErXzPpDcy'),
    (187, 'wcDMIugVW'),
    (188, 'hPH54Zb0Z'),
    (189, 'QNzvwpi'),
    (190, 'LvflR7A4lY3B'),
    (191, '2VLHPLjeK6wu'),
    (192, 'LCjYbo'),
    (193, 'dxihFcUb'),
    (194, 'Xzmisqggvvf'),
    (195, 'jBVl32IYgpo'),
    (196, 'bHjaVj'),
    (197, '2LmT79wCH'),
    (198, 'gJJizoH49ID7'),
    (199, 'xbW3WhMEbRgo'),
    (200, '4dMdaBwD'),
    (201, 'QKebj9uNG'),
    (202, 'l6xR4rBzaP9'),
    (203, '0Uno8OzI'),
    (204, 'dxYsTY2QQ9Ho'),
    (205, 'jKDrM32jW'),
    (206, '3xprFm'),
    (207, 'XS2dX3WLlW'),
    (208, 'sX8Uz2EJG6'),
    (209, 'm6Tl8emAi'),
    (210, 'L3tprG'),
    (211, 'WYkMHM5'),
    (212, 'qXxOdzEW'),
    (213, 'y5129AV4S4'),
    (214, 'WPRnZLf4AZ'),
    (215, 'RBiSNLLsIc'),
    (216, 'gwnilml'),
    (217, 'OUWwDD4O5Q'),
    (218, 'cPfQruoFrMOS'),
    (219, '6J4ZBzEOAkLC'),
    (220, 'L95QXXSAX'),
    (221, 'CeBJDZY9'),
    (222, 'Yusi7HJ'),
    (223, 'iy9qzNP'),
    (224, 'MXgTZzY6kw5m'),
    (225, 'drsO1IB'),
    (226, 'Fo9k3H'),
    (227, 'fhNBHJK'),
    (228, 'ANgZYc8Rgppo'),
    (229, 'ZPVXCFRvCv9b'),
    (230, 'sF519CZpgc6'),
    (231, 'uPqh0YMf7YO'),
    (232, 'YiMMaJJJu'),
    (233, 'FvH6fqF0Fgtr'),
    (234, 'pim6mM'),
    (235, 'e6356qrp0wZL'),
    (236, 'FMybCjx3M78r'),
    (237, 'dUraRG'),
    (238, 'mscbQx'),
    (239, 'rykqUjkt4'),
    (240, '3DHTz0Tfka'),
    (241, 'tfS7aSv4VI'),
    (242, '8pzthA'),
    (243, 'juYQ3Z7oL'),
    (244, 'nfkAc52b'),
    (245, 'Z5hBhS7H'),
    (246, 'oGbhERa4'),
    (247, 'kvM1KQyVRQ0H'),
    (248, 'I0yoj26'),
    (249, 'JjAVjchzsl3a'),
    (250, 'WRQQUS'),
    (251, 'QFuRJmr18XHB'),
    (252, 'ZAADtdiQ5T7m'),
    (253, 'duW3flN8gM7'),
    (254, 'A0vblzZATAJe'),
    (255, 'vwdkk4MC'),
    (256, '5vVhbBk'),
    (257, 'a2i5TNJ'),
    (258, 'bKOIh1hsgh'),
    (259, 'QO4tGF7'),
    (260, 'Y0KXLRfAy'),
    (261, 'Le5lGL'),
    (262, 'opqvnwDg05U0'),
    (263, 'qMtQVH'),
    (264, 'F3GWeKK'),
    (265, 'F6QB40Vwdt'),
    (266, 'OBq9YAl'),
    (267, 'zNdAcqK1x'),
    (268, 'vaiFn8'),
    (269, 'MXD3cEPspCjN'),
    (270, 'LKNCa9N'),
    (271, '2Iyxp2'),
    (272, 'Z6ABfHGsjDv'),
    (273, 'KijO1uGPwY'),
    (274, 'Leo8jSek'),
    (275, 'AAvauJO15qrn'),
    (276, 'gtdDx13X5s'),
    (277, 'zsZOF6Rc4'),
    (278, 'qUIhkmgJ'),
    (279, 'mOkSDIagkxo'),
    (280, 'MSu9nDVm6'),
    (281, 'umqIarr8'),
    (282, 'kpW1dC'),
    (283, 'JLr9Wk'),
    (284, 'MnUIjSO'),
    (285, 'AGDcfYb'),
    (286, 'XmfhiS3'),
    (287, 'HY5dxbWUW'),
    (288, 'zdkn4Igr'),
    (289, 'Xf5EfD'),
    (290, 'g1GfCCAwIf1i'),
    (291, 'vdrBUh'),
    (292, 'va0dmSFbA'),
    (293, 'bd0YVU4'),
    (294, 'NDYVwl0hPV'),
    (295, 'FS3saYDXAxk'),
    (296, 'SOCnPK'),
    (297, '8G805PoMrZS'),
    (298, 'jJCGBFF'),
    (299, 'UWEYM8dW'),
    (300, 'tROIJJVP'),
    (301, 'Ylo4gkMA'),
    (302, 'YJe0L3L3gmc'),
    (303, 'JejzpYSWbG'),
    (304, 'iHk5ud'),
    (305, '2eHRUxg45Lc'),
    (306, 'w6Z9hCVvg'),
    (307, 'EDQZB8Ikd4'),
    (308, 'UPLJCuTHP'),
    (309, 'PfwsWeX'),
    (310, 'KWTAf2ThL'),
    (311, 'ExpINWVg'),
    (312, '8f4rAkmrbnb'),
    (313, 'a03UG5eLY'),
    (314, 'aNAGKmxTmI'),
    (315, '585OGmMdSQ5J'),
    (316, '25zyvJ0nx'),
    (317, 'pLD0CGUJDQ'),
    (318, 'bhVMCAB01P4'),
    (319, '6tblpB1zYV'),
    (320, '2LUKl373N'),
    (321, 'RDXvErRCQ'),
    (322, '4xocDEuiA'),
    (323, '5AIo1nK'),
    (324, 'moJb28'),
    (325, 'qmhnNRXxa1ki'),
    (326, 'msgQugP4FJ'),
    (327, '5GYh8rAf'),
    (328, 'YUlBTDmHNB'),
    (329, 'pkfobkD'),
    (330, 'ZYdRhz'),
    (331, 'NDa70ec'),
    (332, '8qr61R'),
    (333, 'dPfXtwo8Ho'),
    (334, 'UlPUQMSRU2b'),
    (335, 'U0UOPx'),
    (336, '67km2EAyhpyh'),
    (337, 'pLrXD2BzT'),
    (338, '6jl7WxtW'),
    (339, 'Ft6ajK5Ovm'),
    (340, 'CQ0ej0A2'),
    (341, 'p1NJuIM'),
    (342, 'HOlfAy8Jrp'),
    (343, 'HP6A8yzq'),
    (344, 'fcIr89Fc9A'),
    (345, 'pANb4DEmog'),
    (346, 'qkHjkPZxgAX1'),
    (347, 'o688jjK'),
    (348, 'SrSZBO'),
    (349, 'AcmTksQzTan4'),
    (350, 'nose')
;

INSERT INTO Client(id_person_fk, id_country_fk, bit_type) VALUES 
    (51, 12, 1),
    (52, 9, 0),
    (53, 62, 0),
    (54, 22, 0),
    (55, 92, 1),
    (56, 207, 0),
    (57, 120, 1),
    (58, 188, 0),
    (59, 50, 0),
    (60, 97, 0),
    (61, 209, 0),
    (62, 84, 0),
    (63, 25, 0),
    (64, 131, 0),
    (65, 58, 0),
    (66, 84, 1),
    (67, 44, 1),
    (68, 163, 0),
    (69, 11, 0),
    (70, 85, 0),
    (71, 137, 1),
    (72, 85, 0),
    (73, 44, 1),
    (74, 80, 0),
    (75, 6, 0),
    (76, 8, 1),
    (77, 122, 1),
    (78, 56, 1),
    (79, 145, 1),
    (80, 91, 0),
    (81, 1, 1),
    (82, 228, 1),
    (83, 25, 1),
    (84, 23, 1),
    (85, 186, 1),
    (86, 90, 0),
    (87, 40, 0),
    (88, 149, 0),
    (89, 42, 0),
    (90, 143, 0),
    (91, 5, 0),
    (92, 65, 0),
    (93, 154, 1),
    (94, 8, 1),
    (95, 183, 1),
    (96, 234, 0),
    (97, 129, 1),
    (98, 62, 1),
    (99, 169, 0),
    (100, 108, 0),
    (101, 162, 0),
    (102, 60, 0),
    (103, 194, 1),
    (104, 147, 0),
    (105, 193, 0),
    (106, 235, 0),
    (107, 33, 0),
    (108, 172, 1),
    (109, 87, 1),
    (110, 60, 1),
    (111, 127, 1),
    (112, 140, 0),
    (113, 100, 1),
    (114, 27, 1),
    (115, 5, 1),
    (116, 73, 1),
    (117, 188, 1),
    (118, 183, 1),
    (119, 164, 0),
    (120, 208, 1),
    (121, 76, 1),
    (122, 198, 0),
    (123, 5, 1),
    (124, 66, 1),
    (125, 227, 1),
    (126, 49, 1),
    (127, 39, 1),
    (128, 112, 1),
    (129, 71, 0),
    (130, 85, 1),
    (131, 34, 0),
    (132, 33, 0),
    (133, 225, 0),
    (134, 209, 1),
    (135, 76, 0),
    (136, 100, 1),
    (137, 214, 1),
    (138, 201, 1),
    (139, 154, 1),
    (140, 10, 1),
    (141, 81, 1),
    (142, 20, 1),
    (143, 136, 0),
    (144, 158, 0),
    (145, 178, 0),
    (146, 161, 1),
    (147, 23, 0),
    (148, 89, 1),
    (149, 177, 1),
    (150, 10, 1),
    (151, 110, 0),
    (152, 229, 1),
    (153, 151, 0),
    (154, 219, 0),
    (155, 55, 0),
    (156, 17, 0),
    (157, 83, 0),
    (158, 30, 0),
    (159, 94, 1),
    (160, 184, 1),
    (161, 61, 0),
    (162, 112, 1),
    (163, 226, 0),
    (164, 29, 0),
    (165, 69, 1),
    (166, 161, 1),
    (167, 28, 0),
    (168, 62, 0),
    (169, 124, 0),
    (170, 234, 0),
    (171, 157, 0),
    (172, 158, 1),
    (173, 204, 1),
    (174, 132, 0),
    (175, 35, 0),
    (176, 65, 1),
    (177, 92, 1),
    (178, 196, 0),
    (179, 111, 1),
    (180, 136, 1),
    (181, 189, 0),
    (182, 57, 1),
    (183, 57, 1),
    (184, 37, 1),
    (185, 57, 0),
    (186, 159, 0),
    (187, 100, 0),
    (188, 137, 1),
    (189, 121, 0),
    (190, 119, 1),
    (191, 100, 1),
    (192, 118, 0),
    (193, 76, 1),
    (194, 55, 1),
    (195, 50, 0),
    (196, 71, 1),
    (197, 131, 0),
    (198, 127, 1),
    (199, 170, 0),
    (200, 224, 1),
    (201, 5, 0),
    (202, 128, 0),
    (203, 102, 1),
    (204, 205, 1),
    (205, 10, 1),
    (206, 85, 0),
    (207, 224, 0),
    (208, 50, 1),
    (209, 24, 1),
    (210, 99, 0),
    (211, 81, 1),
    (212, 102, 1),
    (213, 20, 0),
    (214, 56, 0),
    (215, 100, 0),
    (216, 205, 1),
    (217, 171, 0),
    (218, 17, 1),
    (219, 185, 1),
    (220, 155, 1),
    (221, 142, 1),
    (222, 59, 1),
    (223, 230, 0),
    (224, 192, 1),
    (225, 198, 1),
    (226, 238, 1),
    (227, 70, 1),
    (228, 16, 1),
    (229, 94, 0),
    (230, 81, 0),
    (231, 76, 0),
    (232, 82, 1),
    (233, 11, 0),
    (234, 140, 0),
    (235, 23, 1),
    (236, 125, 1),
    (237, 19, 0),
    (238, 31, 0),
    (239, 209, 0),
    (240, 212, 1),
    (241, 124, 1),
    (242, 130, 1),
    (243, 94, 1),
    (244, 223, 0),
    (245, 65, 1),
    (246, 13, 0),
    (247, 68, 1),
    (248, 19, 1),
    (249, 225, 0),
    (250, 74, 1),
    (251, 8, 0),
    (252, 120, 0),
    (253, 58, 1),
    (254, 121, 0),
    (255, 28, 0),
    (256, 225, 0),
    (257, 110, 0),
    (258, 36, 0),
    (259, 126, 1),
    (260, 160, 0),
    (261, 136, 0),
    (262, 117, 1),
    (263, 233, 1),
    (264, 51, 1),
    (265, 177, 0),
    (266, 30, 0),
    (267, 196, 1),
    (268, 111, 0),
    (269, 97, 1),
    (270, 19, 1),
    (271, 76, 0),
    (272, 200, 1),
    (273, 92, 1),
    (274, 46, 1),
    (275, 85, 1),
    (276, 21, 1),
    (277, 199, 0),
    (278, 33, 1),
    (279, 1, 0),
    (280, 103, 0),
    (281, 216, 1),
    (282, 148, 1),
    (283, 92, 0),
    (284, 194, 1),
    (285, 136, 0),
    (286, 107, 1),
    (287, 163, 0),
    (288, 217, 1),
    (289, 235, 1),
    (290, 78, 1),
    (291, 120, 1),
    (292, 107, 0),
    (293, 78, 1),
    (294, 152, 0),
    (295, 33, 1),
    (296, 39, 0),
    (297, 32, 1),
    (298, 182, 1),
    (299, 79, 0),
    (300, 24, 1),
    (301, 233, 1),
    (302, 49, 0),
    (303, 100, 1),
    (304, 194, 1),
    (305, 149, 0),
    (306, 11, 1),
    (307, 217, 0),
    (308, 94, 0),
    (309, 227, 0),
    (310, 105, 0),
    (311, 26, 1),
    (312, 127, 1),
    (313, 107, 0),
    (314, 159, 1),
    (315, 108, 0),
    (316, 194, 0),
    (317, 45, 0),
    (318, 236, 0),
    (319, 61, 1),
    (320, 126, 0),
    (321, 96, 0),
    (322, 234, 0),
    (323, 94, 1),
    (324, 194, 0),
    (325, 171, 1),
    (326, 60, 1),
    (327, 125, 0),
    (328, 78, 1),
    (329, 152, 0),
    (330, 112, 0),
    (331, 29, 1),
    (332, 84, 0),
    (333, 147, 0),
    (334, 235, 0),
    (335, 93, 1),
    (336, 133, 1),
    (337, 194, 1),
    (338, 227, 0),
    (339, 148, 1),
    (340, 227, 1),
    (341, 90, 1),
    (342, 121, 1),
    (343, 171, 1),
    (344, 19, 0),
    (345, 79, 0),
    (346, 201, 1),
    (347, 162, 0),
    (348, 80, 1),
    (349, 187, 0),
    (350, 127, 0)
;


INSERT INTO CreditCard(id_client_fk, tex_number, tex_name, tim_expiration_date, tex_code) VALUES
(166 ,'67617536941231695', 'gsare0', '1979/11/22', '3725'),
(294 ,'343034476939447', 'gwindle1', '1983/11/09', '8761'),
(299 ,'5322292199136816', 'tknapp2', '1999/10/05', '4639'),
(229 ,'201486284951330', 'astlouis3', '1970/03/27', '8078'),
(114 ,'3536124360797810', 'ccutford4', '2000/11/01', '2492'),
(5 ,'374622941329574', 'cjiruca5', '1993/07/27', '3850'),
(35 ,'3559664076707647', 'erambaut6', '1988/08/07', '3906'),
(56 ,'5100149285304690', 'gdawidsohn7', '2002/02/06', '1715'),
(147 ,'56022193130865180', 'vgrigoliis8', '1991/01/05', '6330'),
(70 ,'3552167428505716', 'goduilleain9', '2000/12/18', '3344'),
(24 ,'3529271941761861', 'jhairsa', '1984/07/13', '2311'),
(182 ,'4936546189361888145', 'nstringmanb', '1972/11/04', '8486'),
(97 ,'30205292434353', 'alanegranc', '2001/04/28', '6596'),
(291 ,'503849680485733601', 'mlaughtond', '1975/04/12', '4585'),
(279 ,'3542186950007027', 'khrachovece', '1972/03/06', '5945'),
(46 ,'3560252901804172', 'kalthorpf', '1986/03/19', '7323'),
(198 ,'3540377486274858', 'khasseng', '1992/03/21', '6297'),
(17 ,'3544357124124257', 'vminardh', '1972/03/28', '6091'),
(10 ,'3585901880576612', 'kchaggi', '1995/06/09', '3986'),
(167 ,'5256302299117820', 'dhaddockj', '1976/10/02', '9672'),
(200 ,'3566886471766669', 'cwinsparek', '1978/07/24', '1763'),
(128 ,'4844291273826245', 'mjillittl', '2003/02/23', '1874'),
(165 ,'564182877965609288', 'mtremontanam', '1975/12/11', '7735'),
(225 ,'4405810478668283', 'vchristophersenn', '1982/04/21', '3084'),
(235 ,'3561077367592105', 'tzorzio', '2000/09/10', '2061'),
(46 ,'5007663948920662', 'jbleesp', '1976/12/11', '6477'),
(8 ,'3528011757505254', 'achadwellq', '1991/04/12', '9196'),
(27 ,'3579255617279570', 'dodochertyr', '1982/01/28', '8332'),
(52 ,'5020685729930353197', 'mcastillas', '1974/07/27', '9090'),
(152 ,'67710009281475195', 'ctumbridget', '1980/11/16', '1443'),
(143 ,'6706158151321225978', 'akildayu', '1973/01/28', '1076'),
(184 ,'5100131993670109', 'atrickeyv', '1995/10/20', '4977'),
(160 ,'5002358663113487', 'vsemblew', '1975/07/05', '3148'),
(291 ,'6771219300813394799', 'dteschex', '1984/02/28', '5642'),
(8 ,'3554253915096860', 'mshelveyy', '1978/07/04', '6725'),
(41 ,'30051565722417', 'gmutchz', '1979/04/06', '1916'),
(169 ,'6767405625401715076', 'gbucktharp10', '1970/10/29', '4674'),
(107 ,'5231521481090996', 'vbaignard11', '2000/04/28', '8631'),
(211 ,'3558343111388231', 'phacquel12', '1979/03/09', '9064'),
(264 ,'3547273239325860', 'bhammerstone13', '1997/02/08', '7683'),
(19 ,'3554344301831851', 'clenney14', '1981/06/18', '2180'),
(115 ,'3562950613473529', 'lhuggin15', '1985/06/21', '2718'),
(283 ,'5002351997302678', 'efetterplace16', '1989/03/31', '5068'),
(87 ,'3583843210783132', 'ustatersfield17', '1972/08/25', '1026'),
(251 ,'3562775447665770', 'mgillott18', '1998/06/18', '8729'),
(241 ,'6380590214449727', 'gembery19', '1981/02/24', '5218'),
(79 ,'3567929517563309', 'prhymes1a', '1972/08/16', '2761'),
(194 ,'5602234361595107', 'shapps1b', '1982/07/19', '4985'),
(53 ,'3576192381619868', 'dgeke1c', '1970/09/05', '6302'),
(283 ,'5602254175451768', 'mduplantier1d', '1988/02/20', '8363'),
(181 ,'3544810583595599', 'bneve1e', '1996/10/10', '6797'),
(114 ,'4017953011731', 'twillshaw1f', '1971/01/24', '2709'),
(60 ,'6377792936521347', 'mshotboulte1g', '1995/05/10', '4620'),
(258 ,'5018278097167408317', 'reberts1h', '1999/06/20', '1171'),
(274 ,'5108753534942226', 'ivassar1i', '1999/01/29', '3564'),
(261 ,'4405090178274324', 'bhaitlie1j', '1982/08/18', '1614'),
(196 ,'3562006929251685', 'mwinning1k', '1992/04/25', '2701'),
(91 ,'5108751377745730', 'dacutt1l', '1970/11/16', '9703'),
(112 ,'3587292925186114', 'dmenco1m', '1987/02/21', '6983'),
(99 ,'3584749673528832', 'ablaes1n', '1977/06/30', '1363'),
(203 ,'372301657365146', 'aphateplace1o', '1992/12/15', '3295'),
(131 ,'3569755010246946', 'fwreight1p', '1999/05/18', '7518'),
(239 ,'3585117228696851', 'lbrentnall1q', '1991/10/20', '7896'),
(225 ,'5563275085454979', 'wwooster1r', '1980/07/01', '1832'),
(217 ,'3529409367556825', 'dgodwin1s', '2003/12/28', '5121'),
(172 ,'3553262325268531', 'ghazelgreave1t', '1991/02/26', '5631'),
(278 ,'337941283930864', 'bhadland1u', '1979/02/17', '9461'),
(209 ,'3550199752258630', 'mclem1v', '1991/01/07', '3329'),
(152 ,'63042341240698353', 'krosenbarg1w', '1982/11/04', '2516'),
(38 ,'3565752554460409', 'bsearston1x', '2002/03/04', '3958'),
(87 ,'3538246817612132', 'rlefever1y', '2001/09/28', '8449'),
(223 ,'3543471553558678', 'lplumer1z', '1978/01/15', '9815'),
(90 ,'201573949966587', 'fbrendel20', '1988/02/12', '9126'),
(227 ,'5602232166883850', 'gaxtell21', '1988/06/06', '7791'),
(103 ,'372301711950032', 'dmcmanus22', '1974/03/16', '1981'),
(15 ,'63041305018407462', 'bsiene23', '1975/10/10', '8141'),
(233 ,'30391706023147', 'cstilwell24', '1985/07/05', '1131'),
(139 ,'5602215707871732', 'gsemkins25', '1995/11/23', '3910'),
(181 ,'6304269433096881', 'agrummitt26', '1994/02/21', '6411'),
(291 ,'201535224298564', 'fmohan27', '1974/03/28', '9781'),
(107 ,'30529279826723', 'balenichev28', '1973/11/01', '4352'),
(129 ,'3548819200601975', 'dchiverton29', '1982/10/26', '3014'),
(228 ,'3529834126844685', 'lwathan2a', '1978/08/31', '1943'),
(295 ,'675970321997366146', 'flimpkin2b', '1988/10/15', '4987'),
(268 ,'3584049194728809', 'oligoe2c', '1982/05/12', '5292'),
(200 ,'372301634105169', 'hparades2d', '1988/04/09', '2513'),
(266 ,'372301439113863', 'lcalafato2e', '1981/05/24', '4220'),
(120 ,'3542939875356048', 'csiss2f', '1991/09/07', '8064'),
(226 ,'3557714424933551', 'cotimony2g', '1996/05/14', '2705'),
(47 ,'3588581137773548', 'ajannequin2h', '1976/10/08', '3456'),
(260 ,'374288078755799', 'qpulster2i', '1987/03/22', '9171'),
(147 ,'3572660974982764', 'jwynter2j', '1992/07/19', '8157'),
(28 ,'491177750337586471', 'gciciari2k', '1989/06/18', '6505'),
(220 ,'3572990185589409', 'tmacian2l', '1980/03/14', '6845'),
(78 ,'67631186373346504', 'ebrumpton2m', '1988/04/06', '7730'),
(75 ,'3579480235309761', 'mjagger2n', '1970/08/28', '2604'),
(66 ,'5602218223194571406', 'pchrstine2o', '1987/04/19', '1968'),
(179 ,'3580657680764098', 'dhoudhury2p', '1991/03/08', '2136'),
(156 ,'560224517153202136', 'bgosalvez2q', '2004/11/06', '9898'),
(151 ,'56022472178237662', 'cbark2r', '2003/03/06', '4422'),
(254 ,'5602243766066974453', 'cbartocci2s', '1984/04/11', '4239'),
(121 ,'6763528918691951', 'awhelpton2t', '1995/05/09', '2207'),
(251 ,'3536942206758161', 'wodeoran2u', '1979/10/15', '9077'),
(51 ,'3574559267452428', 'jrillstone2v', '1976/04/11', '7203'),
(262 ,'4917526588143345', 'ddandrea2w', '1985/11/14', '7356'),
(168 ,'3586365972681129', 'ilightfoot2x', '1983/07/04', '4360'),
(37 ,'3570639471015262', 'jheart2y', '1971/06/17', '3262'),
(135 ,'675916253098958595', 'ggammel2z', '1991/07/04', '5446'),
(209 ,'3578129432297854', 'coboy30', '1992/05/12', '8063'),
(227 ,'36849967323641', 'aloughnan31', '1996/08/06', '5247'),
(99 ,'201511396462643', 'flimeburner32', '2004/01/24', '3968'),
(227 ,'560222186470505662', 'dbartunek33', '1982/01/30', '7684'),
(224 ,'4913961997711800', 'ezammett34', '1971/05/25', '3826'),
(253 ,'5315527577902464', 'sdallewater35', '1987/02/23', '2611'),
(36 ,'3552669392366934', 'kcoathup36', '2003/12/23', '1273'),
(293 ,'36168833716775', 'ecaron37', '1997/01/17', '1977'),
(210 ,'060409689107383383', 'rwicklin38', '1999/02/19', '5017'),
(207 ,'4917580707170754', 'scheales39', '2003/12/25', '4382'),
(214 ,'6376640482488679', 'cdionisio3a', '1985/06/12', '7492'),
(60 ,'4917534776427751', 'jtomet3b', '1987/03/25', '9037'),
(116 ,'3541659972940467', 'aspatari3c', '1976/11/10', '3628'),
(187 ,'630442056370502561', 'wdsouza3d', '1986/06/03', '6237'),
(233 ,'3543693127651271', 'jvasilyonok3e', '1981/04/17', '9089'),
(2 ,'3535667601529112', 'cshirer3f', '1987/01/20', '5149'),
(88 ,'6759252256082238', 'cdoneld3g', '2004/06/16', '7521'),
(281 ,'3563402894158378', 'dwrotchford3h', '1972/05/16', '4480'),
(4 ,'3552560962525977', 'serrowe3i', '1972/12/18', '1376'),
(236 ,'5287542862562885', 'clowndsborough3j', '1992/12/30', '5979'),
(59 ,'3534633916776690', 'pslator3k', '1994/01/30', '5329'),
(18 ,'0604756327354316376', 'ehickeringill3l', '1994/04/24', '5138'),
(259 ,'3586999842765561', 'jstenyng3m', '1990/12/01', '1321'),
(166 ,'3564840877464868', 'againor3n', '1982/06/14', '2104'),
(93 ,'5560724036319420', 'abuglar3o', '1970/12/28', '2113'),
(287 ,'3551188402789887', 'jcordelle3p', '2002/01/14', '4461'),
(133 ,'5602243395119339', 'pstrangwood3q', '1970/08/07', '7866'),
(229 ,'560223601013307078', 'mstiling3r', '1995/01/04', '6232'),
(245 ,'3542694467992060', 'ustangroom3s', '1990/05/14', '1180'),
(78 ,'3554011164303969', 'thiorn3t', '1975/09/08', '5095'),
(69 ,'4905174923960091', 'hworstall3u', '1989/12/31', '9504'),
(152 ,'3586446203010559', 'gclashe3v', '1982/12/24', '2705'),
(90 ,'3585509656974489', 'ddyment3w', '1992/10/28', '3880'),
(48 ,'4905457338882470436', 'cboig3x', '1975/05/08', '1015'),
(241 ,'6377920213880918', 'jwarcup3y', '1990/07/26', '6809'),
(280 ,'5458145121909047', 'fgladhill3z', '1998/07/14', '6416'),
(178 ,'5610341204165863', 'storbett40', '1984/03/01', '9609'),
(298 ,'30189071205863', 'alusk41', '1986/03/21', '1584'),
(222 ,'6706411611907863024', 'celgar42', '1972/03/29', '5661'),
(139 ,'3561080371708014', 'idesimoni43', '2001/01/23', '4222'),
(19 ,'5602223087152788317', 'pgergher44', '1992/10/28', '4613'),
(101 ,'4041590330958532', 'golifaunt45', '1975/01/13', '6789'),
(226 ,'201479868888580', 'aeverley46', '1996/07/25', '3351'),
(83 ,'4913682075958192', 'srowlings47', '1994/04/16', '7972'),
(174 ,'3571851898329346', 'aschimonek48', '1994/01/27', '1461'),
(115 ,'6771078410800264283', 'mjeffray49', '2003/12/22', '3257'),
(219 ,'5372690516007116', 'killingworth4a', '1985/09/27', '1977'),
(233 ,'5602225112081397', 'tpercy4b', '2001/01/11', '4936'),
(298 ,'201943052034186', 'mscouller4c', '1979/01/18', '1364'),
(208 ,'3555791627851188', 'mdownham4d', '1993/03/11', '8405'),
(21 ,'3548464041724619', 'elesly4e', '1992/10/01', '5283'),
(51 ,'5100130778774425', 'lrosenblatt4f', '1999/09/12', '6987'),
(272 ,'3547216162524876', 'cvonderdell4g', '2003/06/28', '4382'),
(67 ,'6375582958538820', 'gclougher4h', '1972/02/22', '6916'),
(286 ,'56022139639036807', 'kdeards4i', '1984/01/17', '4608'),
(46 ,'4844177795677911', 'tingre4j', '2004/09/05', '2102'),
(43 ,'3537729889222311', 'sproven4k', '1972/10/24', '8173'),
(268 ,'5100130976316698', 'dwyrill4l', '1995/12/29', '5952'),
(75 ,'3540631391629030', 'oprater4m', '1990/12/19', '4887'),
(15 ,'5602247032278291', 'ctiesman4n', '2001/10/15', '3329'),
(165 ,'5374695709946630', 'rhardan4o', '1991/10/07', '8107'),
(114 ,'6333710388348400', 'kottery4p', '1985/04/21', '7531'),
(270 ,'5602240500829589446', 'mpinxton4q', '2001/06/17', '2831'),
(159 ,'3583996751943158', 'lbeccera4r', '1988/06/27', '9140'),
(75 ,'4913901959909893', 'rdanet4s', '1974/08/14', '7104'),
(220 ,'5602218751514646', 'mbeltzner4t', '1990/08/11', '4693'),
(106 ,'3537450747015645', 'hlownds4u', '2000/10/08', '3602'),
(250 ,'3554411386382215', 'cwhitechurch4v', '1984/01/09', '3970'),
(99 ,'3542298787898567', 'lbranney4w', '1982/01/06', '8583'),
(12 ,'5431211544752620', 'awinscom4x', '1995/11/20', '7116'),
(35 ,'3549611983797206', 'hboggish4y', '2001/10/27', '2869'),
(208 ,'201508477039654', 'gtracey4z', '1971/06/04', '4272'),
(174 ,'6771881529664929132', 'tterbrugge50', '1987/03/08', '8455'),
(156 ,'4405340570614563', 'clissaman51', '1979/01/13', '1288'),
(223 ,'5394281970407465', 'mtreat52', '1980/08/09', '5357'),
(90 ,'201691919722168', 'irickarsey53', '2002/05/17', '6308'),
(17 ,'3589145323302618', 'mmacgiany54', '1998/01/27', '3398'),
(27 ,'3581901559354188', 'dstedson55', '1986/08/12', '2154'),
(117 ,'5108751360631228', 'bbreacher56', '1989/07/11', '1288'),
(16 ,'3548465667272817', 'cnutley57', '1981/01/18', '1178'),
(283 ,'372301695019713', 'nbuey58', '2003/10/28', '2854'),
(42 ,'5602217338570287905', 'nlongega59', '2002/03/23', '3253'),
(22 ,'3541177837285002', 'lrosbotham5a', '1988/07/30', '3019'),
(221 ,'374288006956931', 'msherrell5b', '1998/02/12', '2925'),
(78 ,'36812116766243', 'afearn5c', '2003/03/27', '9314'),
(33 ,'201891587575159', 'fwillicott5d', '2003/09/27', '2179'),
(196 ,'3533646384391611', 'cerskin5e', '2003/12/17', '9142'),
(140 ,'374622455294180', 'kgofforth5f', '1996/03/13', '2654'),
(285 ,'4405170582076828', 'gkairns5g', '1996/01/27', '2031'),
(203 ,'6394079639848329', 'hmacrorie5h', '1992/06/18', '2587'),
(193 ,'201581448420915', 'isollom5i', '1977/01/01', '5632'),
(263 ,'3548100981106363', 'gdumbreck5j', '1971/08/31', '2763'),
(78 ,'5602256739562295', 'ukern5k', '1979/06/30', '9787'),
(215 ,'5100178180588305', 'isigsworth5l', '1992/03/15', '1030'),
(147 ,'67097576932014998', 'sbloxland5m', '1978/04/19', '7007'),
(21 ,'490580409827566567', 'lpenswick5n', '1984/04/09', '5564'),
(238 ,'201853756757166', 'tloft5o', '1996/10/31', '6088'),
(21 ,'3542481547757527', 'nodriscoll5p', '1987/09/11', '6921'),
(206 ,'4917885696616836', 'ffaragan5q', '1992/09/20', '2979'),
(157 ,'3532998592940973', 'npauli5r', '1980/12/21', '1866'),
(83 ,'201605060106138', 'emaudson5s', '1973/05/17', '3146'),
(164 ,'3545509223518289', 'phessentaler5t', '1994/09/02', '9141'),
(106 ,'3586971941645259', 'hfilasov5u', '1988/04/18', '1267'),
(144 ,'5153560878118691', 'ashrimptone5v', '1990/03/19', '4623'),
(217 ,'5602241000498346', 'dastley5w', '1971/12/20', '6485'),
(110 ,'675933514139226873', 'gwoodley5x', '1994/03/11', '5350'),
(212 ,'3540918654003635', 'ckolak5y', '1985/02/12', '2932'),
(196 ,'5010128535623009', 'jschmidt5z', '1983/07/24', '5994'),
(198 ,'6334613230942637', 'pteggin60', '1974/06/10', '7302'),
(130 ,'561005310524858809', 'lisselee61', '2000/04/22', '6565'),
(102 ,'5100175789529953', 'cwillmett62', '2004/04/12', '8868'),
(130 ,'3569990943301894', 'sdeluca63', '1986/09/02', '8031'),
(258 ,'5602215717485127', 'hhyndman64', '1996/10/03', '2014'),
(83 ,'30323058240599', 'dbassindale65', '1996/08/29', '6483'),
(225 ,'3568445499296643', 'jcicullo66', '1982/09/08', '6293'),
(204 ,'3567633229751281', 'vwiddison67', '1986/01/18', '8529'),
(212 ,'5038536753605722281', 'rousley68', '1997/10/31', '6444'),
(203 ,'3583061011023299', 'ccortnay69', '1977/05/30', '6208'),
(176 ,'4026972785836992', 'kwartonby6a', '1995/01/01', '4391'),
(194 ,'4041596303275234', 'ckingzeth6b', '1983/11/19', '2769'),
(3 ,'3576068056814564', 'drobb6c', '1980/02/10', '7081'),
(231 ,'3573115600910183', 'uwankel6d', '1975/08/05', '5103'),
(155 ,'3532184647782955', 'wudall6e', '1998/06/30', '7505'),
(176 ,'5595601418684002', 'ebirchwood6f', '1994/02/06', '8941'),
(38 ,'4432953246155', 'ylabarre6g', '2000/02/14', '4698'),
(185 ,'5100171866140558', 'amattingly6h', '1977/08/08', '7735'),
(64 ,'201454689672380', 'lcrickmore6i', '1975/11/22', '6296'),
(57 ,'201409938192671', 'kkobpal6j', '1978/12/20', '8759'),
(102 ,'3531599700980744', 'bprys6k', '1976/02/23', '1102'),
(238 ,'3554813232384230', 'tmcmurtyr6l', '1995/04/10', '9523'),
(139 ,'4911361930460475598', 'fmoultrie6m', '1999/11/09', '5040'),
(292 ,'3579495253665399', 'fhaney6n', '1981/08/03', '1937'),
(109 ,'30280515032136', 'llemmon6o', '1987/08/04', '4892'),
(134 ,'5602230997207588', 'mflury6p', '1997/11/01', '5360'),
(80 ,'5893926656881047', 'gjuett6q', '1998/03/05', '9914'),
(110 ,'3567518963318308', 'kmucci6r', '1986/02/08', '5794'),
(120 ,'3556120044598538', 'wgerold6s', '1990/11/14', '5665'),
(215 ,'6767348389159112230', 'swhitecross6t', '2001/12/06', '6173'),
(92 ,'3556089749147877', 'smcguckin6u', '2000/04/23', '3662'),
(262 ,'5602255279564364', 'pyglesia6v', '1971/07/12', '7500'),
(221 ,'3574131770411349', 'pjull6w', '1997/12/14', '2325'),
(179 ,'3583034310854938', 'asyratt6x', '2000/07/24', '1501'),
(156 ,'5007662313803396', 'kharcase6y', '1975/05/03', '9515'),
(124 ,'3556402820879054', 'mlere6z', '1976/11/11', '3590'),
(59 ,'3557023088509057', 'pgeke70', '1975/02/09', '6939'),
(176 ,'5010125669707756', 'rosman71', '1991/01/19', '1093'),
(51 ,'201778159155587', 'fwhitsey72', '1983/06/20', '9456'),
(276 ,'3548495882106482', 'sstackbridge73', '1973/08/21', '5259'),
(138 ,'5007667235061718', 'dkeijser74', '1980/03/22', '5058'),
(110 ,'3561166325543175', 'mgrayley75', '1985/01/22', '8755'),
(267 ,'30019622699860', 'gladds76', '1987/11/19', '3052'),
(10 ,'63043356839323147', 'abrunt77', '1987/10/19', '6040'),
(130 ,'4917886738282439', 'dwainwright78', '2001/05/04', '8552'),
(4 ,'3573151576266052', 'eshama79', '1984/12/03', '4917'),
(33 ,'4017950184630', 'lnovotna7a', '2000/04/14', '2803'),
(55 ,'4917367089030891', 'rdonkersley7b', '1998/10/21', '7333'),
(197 ,'3551042210671508', 'cferreo7c', '1995/03/02', '8494'),
(129 ,'3539777084875639', 'rradloff7d', '1985/08/01', '9077'),
(222 ,'3541851874258649', 'zpetrou7e', '1991/09/24', '4566'),
(21 ,'4026019443365210', 'agauche7f', '1990/04/29', '6389'),
(228 ,'5020191284408258723', 'jmclay7g', '1972/01/13', '8129'),
(90 ,'4508279714569935', 'alucken7h', '1998/12/12', '8114'),
(284 ,'3530347951201886', 'rbedford7i', '1996/11/28', '6285'),
(100 ,'3567379757808875', 'bsnoxall7j', '2004/04/28', '6594'),
(259 ,'5100142201991096', 'aaphale7k', '1985/11/28', '5128'),
(96 ,'3550625115185466', 'sbraune7l', '1998/12/02', '9646'),
(16 ,'3528444341388251', 'dokennedy7m', '1971/02/12', '1150'),
(239 ,'30312774403045', 'btresler7n', '1977/12/19', '5094'),
(44 ,'4508272560542890', 'wanstice7o', '2003/11/29', '3998'),
(160 ,'3586999162482656', 'plethcoe7p', '2002/01/10', '7270'),
(234 ,'5100139669262192', 'hfursey7q', '1978/01/20', '1310'),
(252 ,'6771214563051664026', 'fdebischof7r', '2002/12/11', '8019'),
(100 ,'3564833187412040', 'amatula7s', '1996/10/15', '9812'),
(267 ,'3541536482081083', 'jsilversmid7t', '1972/04/07', '8806'),
(272 ,'3571786604626272', 'dducrow7u', '2002/04/30', '7152'),
(26 ,'4913492482845853', 'crolingson7v', '1971/07/09', '2311'),
(126 ,'3551645349403583', 'sizakson7w', '1978/08/25', '1525'),
(276 ,'3554082132414881', 'gdoerren7x', '1999/04/28', '7885'),
(173 ,'4917636816531128', 'eboraston7y', '2004/09/10', '5907'),
(118 ,'4175002325239306', 'iseverwright7z', '1991/03/23', '8126'),
(184 ,'3545605975947278', 'ecrocken80', '1993/02/08', '9203'),
(151 ,'3561772594468125', 'clinster81', '1990/07/06', '6954'),
(183 ,'5007668986178255', 'ibewlay82', '1986/05/29', '8808'),
(10 ,'3534367315373375', 'dlackie83', '1990/03/30', '5348'),
(130 ,'3572483711748921', 'kjemmison84', '1980/01/04', '3582'),
(73 ,'3569793033944791', 'comara85', '1978/05/16', '7056'),
(83 ,'3566634071601104', 'mhark86', '1989/11/21', '7625'),
(225 ,'3549618944676247', 'mbeaulieu87', '1999/10/07', '1532'),
(26 ,'3553658115369464', 'ndoddemeade88', '1992/09/26', '3639'),
(234 ,'6378052046068195', 'asummerrell89', '1992/11/04', '8855'),
(134 ,'4041593205362', 'nbayley8a', '1980/01/20', '5713'),
(267 ,'3581472120469061', 'cwhickman8b', '1990/12/25', '8681')
;

INSERT INTO Employee(id_person_fk, id_mgr, dec_salary, tim_date_hire) VALUES
    (1, 11,'36468.09', '2018/10/28'),
    (2, 9,'31254.09', '2016/12/03'),
    (3, 15,'63989.84', '2020/02/19'),
    (4, 9,'23158.71', '2020/04/27'),
    (5, 15,'10152.09', '2016/04/14'),
    (6, 4,'37540.54', '2017/10/03'),
    (7, 14,'15865.18', '2019/02/26'),
    (8, 4,'58326.19', '2016/01/02'),
    (9, NULL,'31979.30', '2020/02/20'),
    (10, 15,'42124.14', '2016/07/05'),
    (11, 1,'10833.17', '2016/01/29'),
    (12, 11,'35887.58', '2015/03/31'),
    (13, 7,'39961.01', '2020/04/22'),
    (14, 1,'30805.05', '2015/06/20'),
    (15, 5,'40057.90', '2016/09/10'),
    (16, 2,'62969.76', '2018/09/25'),
    (17, 1,'34554.65', '2019/03/03'),
    (18, 11,'30582.80', '2016/06/16'),
    (19, 8,'36496.60', '2015/09/12'),
    (20, 8,'64497.53', '2020/06/30'),
    (21, 5,'67738.25', '2017/12/11'),
    (22, 15,'52944.92', '2018/08/20'),
    (23, 4,'8309.29', '2020/05/21'),
    (24, 1,'23769.82', '2016/03/03'),
    (25, 10,'65770.57', '2018/10/01'),
    (26, 7,'56758.17', '2019/04/13'),
    (27, 6,'27155.18', '2016/06/04'),
    (28, 2,'35008.90', '2015/09/25'),
    (29, 6,'46426.49', '2020/09/20'),
    (30, 1,'10463.61', '2016/10/25'),
    (31, 13,'44657.07', '2020/02/23'),
    (32, 3,'14656.71', '2018/11/08'),
    (33, 7,'38721.35', '2017/05/22'),
    (34, 3,'37441.18', '2017/10/28'),
    (35, 2,'38953.01', '2018/09/24'),
    (36, 14,'57365.79', '2018/09/26'),
    (37, 2,'32670.04', '2020/03/13'),
    (38, 6,'46648.61', '2019/03/01'),
    (39, 3,'20088.64', '2021/01/29'),
    (40, 10,'21064.31', '2020/04/26'),
    (41, 6,'64843.40', '2020/10/22'),
    (42, 6,'10007.49', '2016/08/31'),
    (43, 6,'27297.45', '2017/08/03'),
    (44, 6,'14814.28', '2018/05/16'),
    (45, 1,'36692.24', '2015/03/01'),
    (46, 3,'14148.13', '2015/06/22'),
    (47, 5,'10849.97', '2020/11/05'),
    (48, 11,'54565.58', '2015/09/22'),
    (49, 3,'42232.55', '2020/10/20'),
    (50, 5,'47263.26', '2016/12/21')
;

INSERT INTO Supplier(id_employee_fk, tex_name_business, tex_cellphone_business, tex_address_business , tex_name_manager, tex_cellphone_manager) VALUES
    (12, 'Osinski-Krajcik', '988-647-7361', 'Ceper', 'Caspar Bulleyn', '349-407-2001'),
    (6, 'Little-O''Keefe', '984-583-2952', 'Umabay', 'Rolando Treweke', '684-372-1869'),
    (41, 'Ondricka Group', '377-430-2999', 'Bangui', 'Kissie Farmloe', '203-543-6208'),
    (47, 'Lubowitz Inc', '786-490-4090', 'Bajera', 'Jobey Dicty', '614-165-2978'),
    (4, 'Roberts-Donnelly', '639-263-8691', 'Semeljci', 'Maribel Bernade', '752-551-6952'),
    (9, 'Bailey, Daniel and Langosh', '419-996-8870', 'Las Junturas', 'Dreddy Shirt', '222-344-9662'),
    (38, 'Mills LLC', '473-730-6954', 'Caherconlish', 'Ilaire Van Dijk', '928-888-6810'),
    (37, 'Schulist, Cummerata and Crist', '199-654-1255', 'Goim', 'Carolan Tremellier', '759-414-5225'),
    (41, 'Blanda, Johns and Bauch', '990-487-5979', 'Imrsh', 'Amy Gammack', '439-791-7566'),
    (38, 'Muller Group', '954-401-3404', 'Pudoc North', 'Karlotte Bengoechea', '795-215-0720'),
    (50, 'Goodwin-Kilback', '400-619-2917', 'Tangban', 'Florella Battle', '398-164-0675'),
    (46, 'Waelchi-Wiegand', '263-625-4146', 'Ruse', 'Gloriana Kirkam', '799-657-4220'),
    (1, 'Frami-Padberg', '655-540-9887', 'Changyi', 'Luce Boughey', '858-892-4352'),
    (22, 'Konopelski LLC', '788-628-8062', 'Niamey', 'Giordano Schettini', '203-936-4817'),
    (38, 'Bruen-Welch', '222-799-5222', 'Kudanding', 'Claudina Meriel', '164-987-4635'),
    (23, 'Hegmann, Larkin and McClure', '180-665-5272', 'Montera', 'Elbertina Salla', '376-101-4063'),
    (39, 'Botsford Inc', '663-168-7441', 'Uzlovaya', 'Almeta Vise', '266-228-8527'),
    (34, 'Littel, Gleichner and Pollich', '436-249-3123', 'Lianglin', 'Cara Wilmot', '899-115-7445'),
    (50, 'Hane-Stanton', '641-654-1955', 'Ashksham', 'Marcello McCuish', '914-551-3202'),
    (2, 'Wiza Group', '695-816-4343', 'Naw', 'Danica Pydcock', '446-596-9878'),
    (4, 'Grant Inc', '578-260-8494', 'Yandev', 'Jobie Bissill', '536-351-9823'),
    (45, 'Kutch-Emard', '903-383-6167', 'Izhmorskiy', 'Hobie Birtwisle', '756-504-9382'),
    (49, 'Kuhn-Emard', '620-907-3721', 'Batgrm', 'Scot Healks', '734-388-4391'),
    (2, 'Hyatt, Parisian and Cronin', '509-818-3045', 'Bakung', 'Pail Sappy', '125-536-5030'),
    (25, 'Bartell, Steuber and Rodriguez', '366-167-4138', 'Saint Davids', 'Erda Akerman', '272-773-7911'),
    (27, 'Heidenreich-Ledner', '373-952-1702', 'Batuidu', 'Nolana Sunderland', '591-255-2214'),
    (6, 'Hills-Raynor', '214-499-1990', 'Sumberbaru', 'Morgan Pycock', '689-165-9656'),
    (25, 'Crooks, Harris and Wiegand', '106-442-9854', 'Haiyang', 'Dory Oki', '636-442-9320'),
    (49, 'Bechtelar, Hegmann and Hyatt', '975-220-5959', 'Nangka', 'Vern Garratty', '395-365-7126'),
    (18, 'Brakus and Sons', '642-117-4498', 'Daji', 'Nehemiah Grady', '739-494-0750'),
    (11, 'Corwin-Keeling', '318-359-1700', 'Xingyi', 'Sharona Honack', '954-126-3517'),
    (17, 'Crooks, White and Wisoky', '622-403-5582', 'Madara', 'Isa Cardero', '621-718-3222'),
    (16, 'Rempel Group', '345-731-5261', 'Guanting', 'Archer Watling', '361-673-7040'),
    (31, 'Stroman-Cormier', '526-295-8634', 'Regente Feij', 'Corilla Rix', '462-330-6124'),
    (11, 'Larson and Sons', '491-209-8069', 'Chongwen', 'Talyah Tythacott', '342-592-4145'),
    (18, 'Dickinson-Gorczany', '783-509-9033', 'Norrkping', 'Mabel Parlatt', '725-827-8114'),
    (15, 'Gottlieb-O''Kon', '907-559-7317', 'Libei', 'Dionysus Overell', '579-449-6639'),
    (50, 'Langworth, Gutmann and Dooley', '969-539-8686', 'Salisbury', 'Wilone Stachini', '840-456-3339'),
    (27, 'Streich, Prohaska and Cartwright', '995-679-5862', 'Pesagen', 'Leonidas Fruen', '266-342-7378'),
    (11, 'Beer, Collier and Hand', '114-891-4603', 'Lalagsan', 'Bonnee Romer', '937-689-4456'),
    (36, 'Hills, Harris and Koch', '746-108-8437', 'Zoumaping', 'Alfons Phillput', '579-299-5517'),
    (14, 'Fritsch-Rippin', '235-257-0095', 'Tatarka', 'Benny Ruffler', '897-311-5835'),
    (41, 'Grady, Monahan and Hartmann', '428-940-7662', 'Kamionka Wielka', 'Yule Livingstone', '386-329-1129'),
    (38, 'Weber, Bogan and Wiza', '279-520-9617', 'Muff', 'Rora Cousen', '817-781-1624'),
    (29, 'McGlynn-Hagenes', '489-733-1891', 'Tagoloan', 'Rebecca Gottelier', '997-339-1266'),
    (6, 'Parker-Daniel', '348-757-0863', 'Fengcun', 'Josselyn Fawcitt', '758-974-9293'),
    (33, 'Hansen, Johnston and Hickle', '924-646-2510', 'Gantang', 'Matthieu Liveing', '339-990-9811'),
    (6, 'Towne-Quitzon', '849-278-2092', 'Olmpia', 'Charline Batch', '664-875-1421'),
    (11, 'Cartwright, Kuphal and Thiel', '590-225-9795', 'Xiluo', 'Madelaine Phlippsen', '523-524-3918'),
    (7, 'Pollich-O''Reilly', '931-409-5133', 'Wattala', 'Pru Grigorio', '807-335-9790')
;

INSERT INTO Store(tex_name_store, tex_address) VALUES 
 ('Tito aguacate, Forest', '63 Schmedeman Road'),
 ('Tito aguacate, Mendota', '11 Glacier Hill Place'),
 ('Tito aguacate, Bayside', '120 High Crossing Parkway'),
 ('Tito aguacate, Division', '47 Anhalt Crossing'),
 ('Tito aguacate, Anhalt', '188 Kedzie Terrace'),
 ('Tito aguacate, Dexter', '94735 Meadow Ridge Pass'),
 ('Tito aguacate, Starling', '719 Hovde Park'),
 ('Tito aguacate, Hallows', '878 Shoshone Trail'),
 ('Tito aguacate, Huxley', '40 Fulton Court'),
 ('Tito aguacate, Ridge Oak', '490 Sheridan Trail'),
 ('Tito aguacate, 4th', '2 Stuart Crossing'),
 ('Tito aguacate, Luster', '0311 Petterle Park'),
 ('Tito aguacate, Hanover', '4 Jackson Plaza'),
 ('Tito aguacate, Delaware', '40 Crescent Oaks Drive'),
 ('Tito aguacate, Mariners Cove', '9 Claremont Junction'),
 ('Tito aguacate, Grim', '3324 Morningstar Road'),
 ('Tito aguacate, Warrior', '0 Roth Street'),
 ('Tito aguacate, Arapahoe', '0968 Oxford Parkway'),
 ('Tito aguacate, Carberry', '11 Memorial Way'),
 ('Tito aguacate, Esch', '96790 Merrick Place'),
 ('Tito aguacate, Talmadge', '21 Mifflin Center'),
 ('Tito aguacate, Bartillon', '10 Grayhawk Place'),
 ('Tito aguacate, Granby', '56826 Kim Center'),
 ('Tito aguacate, Messerschmidt', '33 Aberg Point'),
 ('Tito aguacate, Bartillon', '647 Birchwood Road'),
 ('Tito aguacate, Leroy', '781 Walton Lane'),
 ('Tito aguacate, Columbus', '77666 Dwight Trail'),
 ('Tito aguacate, Vernon', '2138 Sage Lane'),
 ('Tito aguacate, Elka', '35 Fordem Plaza'),
 ('Tito aguacate, Hanover', '53668 Badeau Place'),
 ('Tito aguacate, Washington', '45840 Fairview Junction'),
 ('Tito aguacate, Fuller', '7497 Mifflin Road'),
 ('Tito aguacate, Reinke', '8750 Homewood Point'),
 ('Tito aguacate, Crescent Oaks', '75 Eastlawn Lane'),
 ('Tito aguacate, Fallview', '01 Raven Pass'),
 ('Tito aguacate, Stuart', '04087 Springview Crossing'),
 ('Tito aguacate, Ruskin', '96 Hayes Road'),
 ('Tito aguacate, Lien', '77 Service Crossing'),
 ('Tito aguacate, Arapahoe', '24120 Northfield Avenue'),
 ('Tito aguacate, Lakewood Gardens', '131 Summer Ridge Trail'),
 ('Tito aguacate, Mccormick', '47018 Hanover Avenue'),
 ('Tito aguacate, Hanover', '3277 Mendota Alley'),
 ('Tito aguacate, David', '8 Lillian Way'),
 ('Tito aguacate, Bartelt', '94821 Sage Plaza'),
 ('Tito aguacate, Hollow Ridge', '9986 Mcguire Street'),
 ('Tito aguacate, Buell', '622 Stuart Circle'),
 ('Tito aguacate, Sunnyside', '82 Truax Junction'),
 ('Tito aguacate, Cascade', '6894 Golf Junction'),
 ('Tito aguacate, Coolidge', '83 Ohio Lane'),
 ('Tito aguacate, Laurel', '59 Morning Lane')
;


INSERT INTO EmployeeStore(id_employee_fk, id_store_fk) VALUES 
    (1, 8),
    (2, 5),
    (3, 6),
    (4, 5),
    (5, 2),
    (6, 5),
    (7, 10),
    (8, 6),
    (9, 9),
    (10, 1),
    (11, 5),
    (12, 10),
    (13, 5),
    (14, 5),
    (15, 9),
    (16, 2),
    (17, 3),
    (18, 8),
    (19, 8),
    (20, 3),
    (21, 5),
    (22, 10),
    (23, 4),
    (24, 5),
    (25, 8),
    (26, 4),
    (27, 7),
    (28, 8),
    (29, 9),
    (30, 7),
    (31, 2),
    (32, 6),
    (33, 2),
    (34, 10),
    (35, 9),
    (36, 2),
    (37, 6),
    (38, 2),
    (39, 4),
    (40, 10),
    (41, 1),
    (42, 9),
    (43, 7),
    (44, 1),
    (45, 3),
    (46, 2),
    (47, 10),
    (48, 10),
    (49, 10),
    (50, 4)
;
*/

INSERT INTO  Category(tex_category) VALUES 
    ("audio"),        -- 1
    ("televisores"),  -- 2
    ("computadoras"), -- 3
    ("monitores"),    -- 4
    ("celulares"),    -- 5
    ("consolas"),     -- 6
    ("impresoras"),   -- 7
    ("accesorios"),   -- 8
    ("laptops"),      -- 9  
    ("escritorio"),    -- 10
    ("graficas")
;

INSERT INTO  Manufacturer(tex_manufacturer, tex_brand, tex_website) VALUES 
    ("Japan Victor Company", "JVC", "https://www.jvc.com/"),
    ("Samsung", "Samsung", "https://www.samsung.com/latin/"),
    ("LG Corporation", "LG", "https://www.lg.com/es"),
    ("Roku Inc", "Roku", "https://www.roku.com/es-hn/"),
    ("Google, LLC", "Google", "https://store.google.com/us/?hl=en-US&regionRedirect=true"), -- 5
    ("Dell computers & technology solutions", "Dell", "https://www.dell.com/mx/p/deals/gaming-system-deals?~ck=mn"), 
    ("Motorola Mobility", "Motorola", "https://www.motorola.com/us/"),
    ("SDI Technologies","iHome", "https://ihomeaudiointl.com/"), -- 8
    ("Aneex Electron Technology Limited","Aneex", "http://www.aneex.net/"), 
    ("Hewlett-Packard", "HP", "https://www8.hp.com/es/es/home.html"), -- 10
    ("Apple","Apple", "https://www.apple.com/la/"), 
    ("Lenovo (Beijing) Limited", "Lenovo", "https://www.lenovo.com/hn/es/laptops/c/LAPTOPS#type=TYPE_ATTR1"), -- 12
    ("Xiaomi Corporation", "Xiaomi", "https://www.mi.com/global/"),
    ("Huawei", "Huawei", "https://consumer.huawei.com/latin/")
;

INSERT INTO Product(id_manufacturer_fk, id_category_fk, tex_model, tim_year_launch, tex_description, jso_link_photo) VALUES 

    (6, 9,  "INSPIRON15-3505(R5)", 2020, "Rendimiento capaz de responder en un diseo elegante con bordes angostos de dos lados, SSD PCIe opcionales, ExpressCharge y un procesador mvil AMD Ryzen 7 3700U", '{"photo1": "https://jet-web.s3.us-west-1.amazonaws.com/images/cache/catalog/public/adf04439d82d90994491476ad6976ade-500x500.jpg", "photo2": "https://jet-web.s3.us-west-1.amazonaws.com/images/cache/catalog/public/50e2c7493bd701a9c12ab9acf85f0308-500x500.jpg", "photo3": "https://jet-web.s3.us-west-1.amazonaws.com/images/cache/catalog/public/111eba6f030f4e51b9696acd88863caf-500x500.jpg", "photo4": "https://jet-web.s3.us-west-1.amazonaws.com/images/cache/catalog/public/173b0af594ed6677d58b16088e303ae3-500x500.jpg"}'),
    (10, 9,  "15-DY1022LA", 2020, "Diseada para tu productividad y entretenimiento desde cualquier lugar, la nueva HP Laptop 15 combina el poder de Intel y batera de larga duracin en un diseo delgado y portable con pantalla de micro borde", '{"photo1": "https://jet-web.s3.us-west-1.amazonaws.com/images/cache/catalog/public/6e7e62e61d33923c04e8b94a11f27d32-500x500.jpg", "photo2": "https://jet-web.s3.us-west-1.amazonaws.com/images/cache/catalog/public/5867faf05499a139e59ce553c84bff8b-500x500.jpg", "photo3": "https://jet-web.s3.us-west-1.amazonaws.com/images/cache/catalog/public/2d21f77517e31cda670f7743d704b275-500x500.jpg"}'), 
    (6, 9,  "INSPIRON14-5406(I5)", 2021, "Entretngase en cualquier lugar con la nueva Inspiron 14 5000 2 en 1, que cuenta con cuatro modos de visualizacin flexibles y una pantalla expansiva en un tamao elegante y compacto.", '{"photo1": "https://jet-web.s3.us-west-1.amazonaws.com/images/cache/catalog/public/9f7e5e5bce40c64811ebd5325b67a7dc-500x500.jpg", "photo2": "https://jet-web.s3.us-west-1.amazonaws.com/images/cache/catalog/public/2fd42aeb331e226c585df3b283c01b3b-500x500.jpg", "photo3": "https://jet-web.s3.us-west-1.amazonaws.com/images/cache/catalog/public/e07ba8e755959be89ca9d740a7de2144-500x500.jpg", "photo4": "https://jet-web.s3.us-west-1.amazonaws.com/images/cache/catalog/public/f6a2a1410c4fd0433a41602721a23fb1-500x500.jpg", "photo5": "https://jet-web.s3.us-west-1.amazonaws.com/images/cache/catalog/public/b93dea84333fb1ccb7c863578e99970d-500x500.jpg", "photo6": "https://jet-web.s3.us-west-1.amazonaws.com/images/cache/catalog/public/d7152e297657fb4dd324bc59bac140d0-500x500.jpg"}'), 
    (11, 9,  "MWP72E/A", 2021,"MacBook Pro presenta MWP72E/A con un procesador Intel de cuatro ncleos para un rendimiento hasta un 90 por ciento ms rpido. Una pantalla Retina brillante y colorida con tecnologa True Tone para una experiencia de visualizacin ms cmoda.", '{"photo1": "https://jet-web.s3.us-west-1.amazonaws.com/images/cache/catalog/public/657655c7c6fbc06b20f6568eba85a056-500x500.jpg", "photo2": "https://jet-web.s3.us-west-1.amazonaws.com/images/cache/catalog/public/5348d45af1462b29410eee7e10c279a1-500x500.jpg", "photo3": "https://jet-web.s3.us-west-1.amazonaws.com/images/cache/catalog/public/044a3213cb1233194cef79680f7e4666-500x500.jpg", "photo4": "https://jet-web.s3.us-west-1.amazonaws.com/images/cache/catalog/public/119277dba44916d959daab691c24849c-500x500.jpg", "photo5": "https://jet-web.s3.us-west-1.amazonaws.com/images/cache/catalog/public/9bdea20f545aea9dee76cb1629807886-500x500.jpg"}'), -- 4
    (10, 9, "14-CF2074LA", 2020, "Diseo delgado y ultra portable para mantenerte conectado y con todas las tareas bajo control. Con batera duradera y pantalla de borde delgado la HP Laptop 14-CF2074LA es tu compaera perfecta.", '{"photo1": "https://jet-web.s3.us-west-1.amazonaws.com/images/cache/catalog/public/27368f7cb000719ffe1173ffb6cd4daf-500x500.png", "photo2": "https://jet-web.s3.us-west-1.amazonaws.com/images/cache/catalog/public/a46870b7112d1d8f03ae8d5b20e46702-500x500.png", "photo3": "https://jet-web.s3.us-west-1.amazonaws.com/images/cache/catalog/public/05841f294912ee3bbc65975f007f981c-500x500.png", "photo4": "https://jet-web.s3.us-west-1.amazonaws.com/images/cache/catalog/public/e954083fabcf3ada2f86ba9b8bb7f8e5-500x500.png", "photo5": "https://jet-web.s3.us-west-1.amazonaws.com/images/cache/catalog/public/029f41ff76836bcdfc5f20d84503e729-500x500.png", "photo6": "https://jet-web.s3.us-west-1.amazonaws.com/images/cache/catalog/public/f46dea4440c7cfb65c285c1038d5fa98-500x500.png"}'),
    (6, 9, "DELL-INSPIRON14-5406(I7)", 2021, "Mantenga su productividad mientras est en la oficina, mientras viaja o en casa con esta computadora porttil DELL-INSPIRON14-5406(I7). La computadora porttil se convierte fcilmente de una computadora a una tableta, para que pueda navegar por las funciones, navegar por la Web y escribir correos electrnicos en la pantalla tctil Full HD de 14.", '{"photo1": "https://jet-web.s3.us-west-1.amazonaws.com/images/cache/catalog/public/dbc337f2813ea8979f0ac0e0db386762-500x500.jpg", "photo2": "https://jet-web.s3.us-west-1.amazonaws.com/images/cache/catalog/public/978d3deb06639e7e07c8249c3c4a0961-500x500.jpg", "photo3": "https://jet-web.s3.us-west-1.amazonaws.com/images/cache/catalog/public/16055df6822163fb75e301fc32117311-500x500.jpg", "photo4": "https://jet-web.s3.us-west-1.amazonaws.com/images/cache/catalog/public/d0a5fa01cfade52c9495e890c07c9ad3-500x500.jpg", "photo5": "https://jet-web.s3.us-west-1.amazonaws.com/images/cache/catalog/public/b53f9095a8b761892f199f299fc0e313-500x500.jpg", "photo6": "https://jet-web.s3.us-west-1.amazonaws.com/images/cache/catalog/public/7889f47dd0f9358cf6fd8320a100a5e4-500x500.jpg", "photo7": "https://jet-web.s3.us-west-1.amazonaws.com/images/cache/catalog/public/680ec71b40649288031c15d16b893a4d-500x500.jpg"}'),
    (11, 9, "MVH22LL/A", 2021, "La ltima MacBook Air cuenta con una impresionante pantalla Retina con tecnologa True Tone, Touch ID, un Magic Keyboard retroiluminado y un trackpad Force Touch, todo alojado en un diseo icnico de cua delgada y liviana hecha de aluminio 100% reciclado.", '{"photo1": "https://jet-web.s3.us-west-1.amazonaws.com/images/cache/catalog/public/d6afd3779bb32a3892584ec5412c94ad-500x500.jpg", "photo2": "https://jet-web.s3.us-west-1.amazonaws.com/images/cache/catalog/public/aea269f9236908236ba8cfd6464cdbe2-500x500.jpg", "photo3": "https://jet-web.s3.us-west-1.amazonaws.com/images/cache/catalog/public/e0a261dad72904d84406d25059855643-500x500.jpg", "photo4": "https://jet-web.s3.us-west-1.amazonaws.com/images/cache/catalog/public/4dd4dd3511f63f984d30b9e9c436e682-500x500.jpg", "photo5": "https://jet-web.s3.us-west-1.amazonaws.com/images/cache/catalog/public/04ecc9a8cd8a6247bf8160645c0ba781-500x500.jpg", "photo6": "https://jet-web.s3.us-west-1.amazonaws.com/images/cache/catalog/public/bb7bf28ecc9222a9e72abb828e196e13-500x500.jpg"}'),
    (10, 9, "14-CK2097LA", 2019, "Creada con un diseo delgado y moderno para mantenerte conectado y con todas las tareas bajo control, con rendimiento confiable y batera duradera.", '{"photo1": "https://jet-web.s3.us-west-1.amazonaws.com/images/cache/catalog/public/c2763c61e780c29be2e6d88b7264a093-500x500.jpg", "photo2": "https://jet-web.s3.us-west-1.amazonaws.com/images/cache/catalog/public/35cf5afacb78f524252d30aa3ef63bba-500x500.jpg", "photo3": "https://jet-web.s3.us-west-1.amazonaws.com/images/cache/catalog/public/b1996ebf9cbde69184a41df5e038d041-500x500.jpg", "photo4": "https://jet-web.s3.us-west-1.amazonaws.com/images/cache/catalog/public/f61fc93279aa1b914cd68f6113667443-500x500.jpg", "photo5": "https://jet-web.s3.us-west-1.amazonaws.com/images/cache/catalog/public/cc5958b1c1626ec3607e10fa6cd9ddc6-500x500.jpg"}'), -- 8
    (6, 9, "DELL-INSPIRON15-5593(I7)2", 2020, "Laptop de 15 que es su centro de entretenimiento en el hogar personal para una visualizacin envolvente, con un borde angosto y procesador Intel Core i7 1065-G7 10a. Gen (4 ncleos 6MB, 3.90MHz)", '{"photo1": "https://jet-web.s3.us-west-1.amazonaws.com/images/cache/catalog/public/c5b30a431af1a5af5255d2ebfda7ba45-500x500.jpg", "photo2": "https://jet-web.s3.us-west-1.amazonaws.com/images/cache/catalog/public/ff69963300b720954797b1ae50da56ce-500x500.jpg", "photo3": "https://jet-web.s3.us-west-1.amazonaws.com/images/cache/catalog/public/d26afd2e86fcdca683f6778d84317de4-500x500.jpg", "photo4": "https://jet-web.s3.us-west-1.amazonaws.com/images/cache/catalog/public/6a70c3f072b9fd946afbe83619c0004b-500x500.jpg", "photo5": "https://jet-web.s3.us-west-1.amazonaws.com/images/cache/catalog/public/703111ed5cef87fb255faa91e99be9d1-500x500.jpg", "photo6": "https://jet-web.s3.us-west-1.amazonaws.com/images/cache/catalog/public/d750029d870b87fe9f6c5bf5551c0acc-500x500.jpg", "photo7": "https://jet-web.s3.us-west-1.amazonaws.com/images/cache/catalog/public/09bb9111302159151bb6015cc22bc905-500x500.jpg", "photo8": "https://jet-web.s3.us-west-1.amazonaws.com/images/cache/catalog/public/01ea8389fabcf673f9ab64c22e1c32e1-500x500.jpg"}'),
    (6, 9, "DELL-G3-3500(I5)", 2021, "Laptop para juegos de 15 pulgadas diseada con tecnologa dinmica Game Shift, grficos discretos NVIDIA GeForce y procesador Intel Core i5.", '{"photo1": "https://jet-web.s3.us-west-1.amazonaws.com/images/cache/catalog/public/dc2a1156d7bdf40561658f642328f30a-500x500.jpg", "photo2": "https://jet-web.s3.us-west-1.amazonaws.com/images/cache/catalog/public/5fff0f746017b4816439d5eff646430e-500x500.jpg", "photo3": "https://jet-web.s3.us-west-1.amazonaws.com/images/cache/catalog/public/e1ef5736d3e35f5aa5e0191a273a8862-500x500.jpg", "photo4": "https://jet-web.s3.us-west-1.amazonaws.com/images/cache/catalog/public/e67ea5c1258a1d85b971268d6958a0e2-500x500.jpg", "photo5": "https://jet-web.s3.us-west-1.amazonaws.com/images/cache/catalog/public/c0fa45b395b114ce486982c802cb0b17-500x500.jpg", "photo6": "https://jet-web.s3.us-west-1.amazonaws.com/images/cache/catalog/public/288e0303b42ab9e2375ca8576a7732c3-500x500.jpg", "photo7": "https://jet-web.s3.us-west-1.amazonaws.com/images/cache/catalog/public/00f60a0cf9fa6f25245dfc89eb517ff7-500x500.jpg", "photo8": "https://jet-web.s3.us-west-1.amazonaws.com/images/cache/catalog/public/e0fb3472d1b4a862811d98f04f2dd18c-500x500.jpg", "photo9": "https://jet-web.s3.us-west-1.amazonaws.com/images/cache/catalog/public/445d305fe4978baa536791b1498053f3-500x500.jpg", "photo10": "https://jet-web.s3.us-west-1.amazonaws.com/images/cache/catalog/public/052542da6dae2064a363fd0454ff4491-500x500.jpg"}'),
    (6, 9, "DELL-ALIENWARE17(I7)-4", 2019, "Este porttil DELL-ALIENWARE17(I7)-4  de 17,3  combina un rendimiento potente y grficos increbles en un nuevo diseo revolucionario, perfecto para juegos inmersivos.", '{"photo1": "https://jet-web.s3.us-west-1.amazonaws.com/images/cache/catalog/public/c61d82bb5ef9c9aa45f91c5c6dd60df6-500x500.jpg", "photo2": "https://jet-web.s3.us-west-1.amazonaws.com/images/cache/catalog/public/bcd93e93fd88a1f22124cdb03ebd4adc-500x500.jpg", "photo3": "https://jet-web.s3.us-west-1.amazonaws.com/images/cache/catalog/public/80fad68eb9fd9c4731b2da407551a873-500x500.jpg", "photo4": "https://jet-web.s3.us-west-1.amazonaws.com/images/cache/catalog/public/daa1c42dc536b7c3d13c42b8eabb7190-500x500.jpg", "photo5": "https://jet-web.s3.us-west-1.amazonaws.com/images/cache/catalog/public/2bf26964e012cd577ad69208509da8ce-500x500.jpg", "photo6": "https://jet-web.s3.us-west-1.amazonaws.com/images/cache/catalog/public/c1b01841aa2c61e4db123961b0a9309c-500x500.jpg", "photo7": "https://jet-web.s3.us-west-1.amazonaws.com/images/cache/catalog/public/b416749ca6bf9c8e3096bda89d0c926a-500x500.jpg"}'),
    (12, 9, "LENOVO-IP(I7-1065G7)", 2021, "La IdeaPad 720 presenta un chasis rediseado con superficies de metal pulido y bordes suavemente angulados. Tratada con la misma tecnologa utilizada para dar forma y alisar los diamantes, el resultado es una porttil elegante y con estilo.", '{"photo1": "https://jet-web.s3.us-west-1.amazonaws.com/images/cache/catalog/public/18b843cb7d3129d91fbac06977689ecc-500x500.jpg", "photo2": "https://jet-web.s3.us-west-1.amazonaws.com/images/cache/catalog/public/29947cfe2eebe3447794a584c34a82de-500x500.jpg", "photo3": "https://jet-web.s3.us-west-1.amazonaws.com/images/cache/catalog/public/9fdb0b1e264fa8b27499180db2c738c2-500x500.jpg", "photo4": "https://jet-web.s3.us-west-1.amazonaws.com/images/cache/catalog/public/e96b3d22ad8277d5bdfb0aecd7e63d74-500x500.jpg"}'), -- 12
    (11, 9, "MWP52E/A", 2020, "MacBook Pro MWP52E/A presenta un procesador Intel de cuatro ncleos para un rendimiento hasta un 90 por ciento ms rpido. Una pantalla Retina brillante y colorida con tecnologa True Tone para una experiencia de visualizacin ms cmoda.", '{"photo1": "https://jet-web.s3.us-west-1.amazonaws.com/images/cache/catalog/public/4b83251639474fc50f0fc6235ad63b6f-500x500.jpg", "photo2": "https://jet-web.s3.us-west-1.amazonaws.com/images/cache/catalog/public/bf5830d8ffe0b15336ce44016c69f88e-500x500.jpg", "photo3": "https://jet-web.s3.us-west-1.amazonaws.com/images/cache/catalog/public/d5c2aadd1a8cfd1824a29d6909ee7e9b-500x500.jpg", "photo4": "https://jet-web.s3.us-west-1.amazonaws.com/images/cache/catalog/public/b1adf008115288e8bbb254635678888f-500x500.jpg", "photo5": "https://jet-web.s3.us-west-1.amazonaws.com/images/cache/catalog/public/295bd498cd2db001512a299da47a86ad-500x500.jpg"}'), 
    (6, 9, "DELL-G5-5500-(I7)", 2019, "Cumple tareas exigentes con esta laptop de gaming Dell G5 15 5500 i7. La pantalla de borde estrecho antirreflejo Full HD de 15,6 pulgadas ofrece una imagen envolvente en condiciones brillantes, mientras que la unidad de estado slido de 512 GB abre programas rpidamente.", '{"photo1": "https://jet-web.s3.us-west-1.amazonaws.com/images/cache/catalog/public/bcdff6c3aecf44f9f0177d8975391895-500x500.jpg", "photo2": "https://jet-web.s3.us-west-1.amazonaws.com/images/cache/catalog/public/060efaf72c651d6aab0333ac6d888a26-500x500.jpg", "photo3": "https://jet-web.s3.us-west-1.amazonaws.com/images/cache/catalog/public/3ade77f9f23aee95849daa9f2469a6cf-500x500.jpg", "photo4": "https://jet-web.s3.us-west-1.amazonaws.com/images/cache/catalog/public/e52a328bc2a26090a63822566f37b261-500x500.jpg", "photo5": "https://jet-web.s3.us-west-1.amazonaws.com/images/cache/catalog/public/43babcec18b7e9c9effd1f7581a89d42-500x500.jpg", "photo6": "https://jet-web.s3.us-west-1.amazonaws.com/images/cache/catalog/public/4c5fcbf3c8e57f335dd80fd1d91a90c8-500x500.jpg", "photo7": "https://jet-web.s3.us-west-1.amazonaws.com/images/cache/catalog/public/445060a95f0f787dba12ca185896b9a5-500x500.jpg"}'),
    (6, 9, "DELL-INSPIRON13-5301", 2020, "Desde sensores inteligentes hasta diseo porttil, la nueva computadora porttil Inspiron 5000 de 13 pulgadas con procesadores Intel Core  de 11. generacin es su nuevo dispositivo de referencia.", '{"photo1": "https://jet-web.s3.us-west-1.amazonaws.com/images/cache/catalog/public/0e1c8131232ff34d03c0123ec2b0d352-500x500.jpg", "photo2": "https://jet-web.s3.us-west-1.amazonaws.com/images/cache/catalog/public/26dddd24d90455a7a49abeb82bc5d0ef-500x500.jpg", "photo3": "https://jet-web.s3.us-west-1.amazonaws.com/images/cache/catalog/public/f52ad5679a574c3c52588effbf06eaae-500x500.jpg", "photo4": "https://jet-web.s3.us-west-1.amazonaws.com/images/cache/catalog/public/3619f6665a98db958a9eb0f79710bdad-500x500.jpg", "photo5": "https://jet-web.s3.us-west-1.amazonaws.com/images/cache/catalog/public/4a669f65e962ae57f6651a2e1c140f00-500x500.jpg", "photo6": "https://jet-web.s3.us-west-1.amazonaws.com/images/cache/catalog/public/b91f7f46ab0ae1cf822b90cf9d40e7f4-500x500.jpg", "photo7": "https://jet-web.s3.us-west-1.amazonaws.com/images/cache/catalog/public/e170dac1f774c4d7dca8428b4f1de131-500x500.jpg", "photo8": "https://jet-web.s3.us-west-1.amazonaws.com/images/cache/catalog/public/230bfa609a6707753de4154baca0a225-500x500.jpg"}'),
    (10, 9, "14-DH0011LA", 2019, "Inspira al mundo con una laptop convertible que se adapta a ti. Sintete libre de crear, conectarte y compartir en ms formas con la nueva Pavilion x360 14-DH0011LA.<br/>", '{"photo1": "https://jet-web.s3.us-west-1.amazonaws.com/images/cache/catalog/public/3d7927804519d1a734d34e13230ecc2c-500x500.png", "photo2": "https://jet-web.s3.us-west-1.amazonaws.com/images/cache/catalog/public/2f47decef566bc885e5da64b41c17615-500x500.png", "photo3": "https://jet-web.s3.us-west-1.amazonaws.com/images/cache/catalog/public/c6c2e45f7470d4c88ab832e832906225-500x500.png", "photo4": "https://jet-web.s3.us-west-1.amazonaws.com/images/cache/catalog/public/2c484826758d2b3bf62e146ce517f80e-500x500.png", "photo5": "https://jet-web.s3.us-west-1.amazonaws.com/images/cache/catalog/public/997362be993ec442800dcf61ec217909-500x500.png", "photo6": "https://jet-web.s3.us-west-1.amazonaws.com/images/cache/catalog/public/10d6262442f64934a2afdef58452c66f-500x500.png", "photo7": "https://jet-web.s3.us-west-1.amazonaws.com/images/cache/catalog/public/d665e3fe68225ddb031a357aeedec487-500x500.png"}'), -- 16 
    (6, 9, "DELL-INSPIRON15-3501(I3)", 2019, "Laptop de 15 pulgadas que ofrece un rendimiento con capacidad de respuesta en un diseo elegante con bordes angostos de dos lados, ExpressCharge, y procesadores Intel Core.", '{"photo1": "https://jet-web.s3.us-west-1.amazonaws.com/images/cache/catalog/public/1b8ea728e4255d50deced9d43167b7d3-500x500.jpg", "photo2": "https://jet-web.s3.us-west-1.amazonaws.com/images/cache/catalog/public/aa12012eab9c81795147e4038d92dfdb-500x500.jpg", "photo3": "https://jet-web.s3.us-west-1.amazonaws.com/images/cache/catalog/public/d1b57b39517eec45d7e80e1e9bc4857b-500x500.jpg", "photo4": "https://jet-web.s3.us-west-1.amazonaws.com/images/cache/catalog/public/91f5d29ab76f1f75309f643a1d9c1dc5-500x500.jpg", "photo5": "https://jet-web.s3.us-west-1.amazonaws.com/images/cache/catalog/public/19b80e40d5c248fa703ed2bcda69f8d8-500x500.jpg", "photo6": "https://jet-web.s3.us-west-1.amazonaws.com/images/cache/catalog/public/dc29a507cc71083b026c11ad39d514de-500x500.jpg", "photo7": "https://jet-web.s3.us-west-1.amazonaws.com/images/cache/catalog/public/e182fd4b55d76989f618a5000665ede1-500x500.jpg"}'),
    (10, 9, "14-DH1010LA", 2021, "Laptop HP Pavilion x360 Convertible 14-dh1010la para creadores e influenciadores. Escriban su futuro. Inspira al mundo con una laptop convertible que se adapta a ti. Sintete libre de crear, conectarte y compartir en ms formas con la nueva Pavilion x360.", '{"photo1": "https://jet-web.s3.us-west-1.amazonaws.com/images/cache/catalog/public/14-DH0004LA 0-500x500.jpg", "photo2": "https://jet-web.s3.us-west-1.amazonaws.com/images/cache/catalog/public/14-DH0004LA 1-500x500.jpg", "photo3": "https://jet-web.s3.us-west-1.amazonaws.com/images/cache/catalog/public/14-DH0004LA 2-500x500.jpg", "photo4": "https://jet-web.s3.us-west-1.amazonaws.com/images/cache/catalog/public/14-DH0004LA 3-500x500.jpg", "photo5": "https://jet-web.s3.us-west-1.amazonaws.com/images/cache/catalog/public/14-DH0004LA 4-500x500.jpg", "photo6": "https://jet-web.s3.us-west-1.amazonaws.com/images/cache/catalog/public/14-DH0004LA 6-500x500.jpg"}'),
    (6, 9, "DELL-INSPIRON15-3501(I5)", 2019, "Encienda esta computadora porttil Dell Inspiron 15 3501 para disfrutar de un rendimiento potente mientras recorre su lista de tareas pendientes. La computadora porttil est equipada con un procesador Intel Core i5 y 16 GB de memoria para brindar la velocidad y la potencia necesarias para manejar mltiples programas al mismo tiempo.", '{"photo1": "https://jet-web.s3.us-west-1.amazonaws.com/images/cache/catalog/public/79e662119cbc14405ec2a5aabfe91dcb-500x500.jpg", "photo2": "https://jet-web.s3.us-west-1.amazonaws.com/images/cache/catalog/public/bd70ce5dafd372318b20e869f582028a-500x500.jpg", "photo3": "https://jet-web.s3.us-west-1.amazonaws.com/images/cache/catalog/public/bf04050ca6082f19cb3f7de31ffd47b5-500x500.jpg", "photo4": "https://jet-web.s3.us-west-1.amazonaws.com/images/cache/catalog/public/938d17fb86c0ee5977540c73142eaccb-500x500.jpg"}'),
    (6, 9, "DELL-G7-7700-(I7)", 2019, "La nueva Dell G7 DELL-G7-7700-(I7) Laptop para juegos de 7 pulgadas con diseo delgado y elegante, procesadores Intel Core de dcima generacin, grficos discretos, tecnologa Game Shift y teclado RGB de 4 zonas.", '{"photo1": "https://jet-web.s3.us-west-1.amazonaws.com/images/cache/catalog/public/e0f83c9873f20c05d8480b07ddc988a1-500x500.jpg", "photo2": "https://jet-web.s3.us-west-1.amazonaws.com/images/cache/catalog/public/5877ebd6ea0814a598a26c8afae0e356-500x500.jpg", "photo3": "https://jet-web.s3.us-west-1.amazonaws.com/images/cache/catalog/public/35441336a956e8ae0be4d21eec5f35dd-500x500.jpg", "photo4": "https://jet-web.s3.us-west-1.amazonaws.com/images/cache/catalog/public/25ccf1002cc9cff69ffe2a605ea1a49b-500x500.jpg", "photo5": "https://jet-web.s3.us-west-1.amazonaws.com/images/cache/catalog/public/090c52dcb1510e2bd72cb81da29150da-500x500.jpg", "photo6": "https://jet-web.s3.us-west-1.amazonaws.com/images/cache/catalog/public/72dc94071b2a8ef5579e3ddcb43306a2-500x500.jpg"}'), -- 20

    (6, 4, "SE2417HG", 2020, "Experimente una transmisin de alta calidad y alta velocidad en este elegante monitor Full HD.", '{"photo1": "https://jet-web.s3.us-west-1.amazonaws.com/images/cache/catalog/A Dell/MONITOR GAMING 2-500x500.jpg"}'),
    (6, 4, "E2720HS", 2021, "Un monitor de 27 mejora el flujo de trabajo diario. Cuenta con una base de altura regulable, resolucin Full HD y altavoces integrados en un diseo que ahorra espacio.", '{"photo1": "https://jet-web.s3.us-west-1.amazonaws.com/images/cache/catalog/public/2160beb68ea0e9ff08f7ff679bae35d1-500x500.jpg", "photo2": "https://jet-web.s3.us-west-1.amazonaws.com/images/cache/catalog/public/7ea60d0026cb0119238dbc64848b4e7f-500x500.jpg", "photo3": "https://jet-web.s3.us-west-1.amazonaws.com/images/cache/catalog/public/e1c6d8cc5dd05922d6035b996459c92a-500x500.jpg"}'),
    (3, 4, "MONITORLG-27MP59G-P", 2020, "La mejor experiencia ultrapanormica, para tus juegos. Estabilizador de negros, que permite dar ms brillo y contraste a las escenas oscuras. Mayor fluidez de las imgenes, gracias a FreeSync. Velocidad de respuesta de 1ms y un refresco de imagen de 75Hz.", '{"photo1": "https://jet-web.s3.us-west-1.amazonaws.com/images/cache/catalog/public/27MP59G-P-large01-500x500.jpg", "photo2": "https://jet-web.s3.us-west-1.amazonaws.com/images/cache/catalog/public/27MP59G-P-large02-500x500.jpg", "photo3": "https://jet-web.s3.us-west-1.amazonaws.com/images/cache/catalog/public/27MP59G-P-large03-500x500.jpg", "photo4": "https://jet-web.s3.us-west-1.amazonaws.com/images/cache/catalog/public/27MP59G-P-large04-500x500.jpg", "photo5": "https://jet-web.s3.us-west-1.amazonaws.com/images/cache/catalog/public/27MP59G-P-large05-500x500.jpg", "photo6": "https://jet-web.s3.us-west-1.amazonaws.com/images/cache/catalog/public/27MP59G-P-large06-500x500.jpg", "photo7": "https://jet-web.s3.us-west-1.amazonaws.com/images/cache/catalog/public/27MP59G-P-large07-500x500.jpg"}'),
    (10, 4, "22FW", 2021, "Obtn la calidad de imagen ntida que anhelas gracias a esta pantalla de microborde ultradelgada que cuenta con un atractivo diseo en aluminio e inmersivos ngulos de visualizacin muy amplios. Desde la navegacin de contenido a la retransmisin de ocio, te permite ver el mundo de una forma totalmente nueva.", '{"photo1": "https://jet-web.s3.us-west-1.amazonaws.com/images/cache/catalog/A Dell/download (1)-500x500.jpg"}'), -- 24
    (3, 4, "MONITORLG-32UN500-W", 2021, "32UN500 impulsa la nueva era de la experiencia de juego de la consola 4K HDR, no solo brindando emociones sin precedentes con imagen y sonido decentes, sino que tambin lo ayuda a ganar ms batallas con AMD FreeSync , Dynamic Action Sync y Black Stabilizer.<br/>", '{"photo1": "https://jet-web.s3.us-west-1.amazonaws.com/images/cache/catalog/public/9f09645d378b981992585b361e929a8d-500x500.jpg", "photo2": "https://jet-web.s3.us-west-1.amazonaws.com/images/cache/catalog/public/179f521093ecc2ff20146a847388a254-500x500.jpg", "photo3": "https://jet-web.s3.us-west-1.amazonaws.com/images/cache/catalog/public/bd9336fd70aaa56e4e6dbbad4dcee8c4-500x500.jpg", "photo4": "https://jet-web.s3.us-west-1.amazonaws.com/images/cache/catalog/public/3935402648634d90ead3760f1b523dc3-500x500.jpg"}'),
    (3, 4, "MONITORLG-24MP59G-P", 2021, "Panel IPS y Reduccin de movimientos Gracias a su Panel IPS las imgenes y colores se asemejan a la realidad, ms vivos y mejor visin desde cualquier ngulo. Y con 1ms Motion Blur Reduction los espectadores podrn disfrutar movimientos fluidos sin imagen posterior", '{"photo1": "https://jet-web.s3.us-west-1.amazonaws.com/images/cache/catalog/public/24MP59G-P-large01-500x500.jpg", "photo2": "https://jet-web.s3.us-west-1.amazonaws.com/images/cache/catalog/public/24MP59G-P-large02-500x500.jpg", "photo3": "https://jet-web.s3.us-west-1.amazonaws.com/images/cache/catalog/public/24MP59G-P-large03-500x500.jpg", "photo4": "https://jet-web.s3.us-west-1.amazonaws.com/images/cache/catalog/public/24MP59G-P-large04-500x500.jpg"}'),
    (10, 4, "27FW", 2020, "Obtenga la calidad de imagen ntida que desea con esta pantalla ultradelgada de microbordes, con un llamativo diseo de aluminio y ngulos de visin ultraanchos envolventes. Desde la exploracin de contenido hasta la transmisin de entretenimiento, le permite ver su mundo de una manera completamente nueva.", '{"photo1": "https://jet-web.s3.us-west-1.amazonaws.com/images/cache/catalog/public/2247c8c6c0789085f2c27c352d76bf99-500x500.jpg", "photo2": "https://jet-web.s3.us-west-1.amazonaws.com/images/cache/catalog/public/ea49aab36283976a39fa950252df9aaa-500x500.jpg", "photo3": "https://jet-web.s3.us-west-1.amazonaws.com/images/cache/catalog/public/ef730cebd2318907640f4501fa1524c5-500x500.jpg", "photo4": "https://jet-web.s3.us-west-1.amazonaws.com/images/cache/catalog/public/43aa88174f181a4506a3da683a014c2b-500x500.jpg"}'),
    (2, 4, "LC24F390FHLXZP", 2020, "Disfruta de los beneficios de una pantalla curva La mejor calidad desde cualquier ngulo Diseo inteligente.  AMD FreeSync: Al sincronizar dinmicamente la frecuencia de actualizacin de la pantalla con la frecuencia de cuadros de la imagen, AMD FreeSync minimiza las imgenes entrecortadas y garantiza una experiencia de juego fluida e impecable  Modo de juego: El modo de juego optimiza al instante los colores y el contraste de la pantalla durante los juegos para que disfrutes de todas las escenas de una manera ptima", '{"photo1": "https://jet-web.s3.us-west-1.amazonaws.com/images/cache/catalog/pro_59060223_1-500x500.jpg", "photo2": "https://jet-web.s3.us-west-1.amazonaws.com/images/cache/catalog/pro_59060223_2-500x500.jpg", "photo3": "https://jet-web.s3.us-west-1.amazonaws.com/images/cache/catalog/pro_59060223_3-500x500.jpg", "photo4": "https://jet-web.s3.us-west-1.amazonaws.com/images/cache/catalog/pro_59060223_5-500x500.jpg", "photo5": "https://jet-web.s3.us-west-1.amazonaws.com/images/cache/catalog/pro_59060223_8-500x500.jpg", "photo6": "https://jet-web.s3.us-west-1.amazonaws.com/images/cache/catalog/pro_59060223_9-500x500.jpg", "photo7": "https://jet-web.s3.us-west-1.amazonaws.com/images/cache/catalog/pro_59060223_10-500x500.jpg", "photo8": "https://jet-web.s3.us-west-1.amazonaws.com/images/cache/catalog/pro_59060223_12-500x500.jpg", "photo9": "https://jet-web.s3.us-west-1.amazonaws.com/images/cache/catalog/pro_59060223_13-500x500.jpg", "photo10": "https://jet-web.s3.us-west-1.amazonaws.com/images/cache/catalog/pro_59060223_14-500x500.jpg"}'), -- 28
    (10, 4, "24fW", 2020, "Obtn la calidad de imagen ntida que anhelas gracias a esta pantalla de microborde ultradelgada que cuenta con un atractivo diseo en aluminio e inmersivos ngulos de visualizacin muy amplios. Desde la navegacin de contenido a la retransmisin de ocio, te permite ver el mundo de una forma totalmente nueva.", '{"photo1": "https://jet-web.s3.us-west-1.amazonaws.com/images/cache/catalog/A Dell/c05935981_209x189-500x500.jpg"}'),
    (6, 4,  "SE2219H", 2021, "Vea imgenes, videos y archivos claramente en este monitor Full HD de 21,5 con cubiertas delgadas encima de una base compacta y que le ahorra espacio", '{"photo1": "https://jet-web.s3.us-west-1.amazonaws.com/images/cache/catalog/A Dell/MONITOR DELL 22-500x500.jpg"}'),

    (7, 5, "MOTO-G8POWERLITE-BLUE64GB", 2020, "Motorola G8 Power Lite te da entretenimiento para mucho tiempo. Tiene una batera de 5,000 mAh, lo que significa 100 horas de energa. Ademas, con sus 3 cmaras, nunca te pierdas de momentos inolvidables", '{"photo1": "https://jet-web.s3.us-west-1.amazonaws.com/images/cache/catalog/public/c2060b2cd139ffe900ac2813e36b6191-500x500.jpg", "photo2": "https://jet-web.s3.us-west-1.amazonaws.com/images/cache/catalog/public/9b08f2226e1ce02de638b44257ce8854-500x500.jpg", "photo3": "https://jet-web.s3.us-west-1.amazonaws.com/images/cache/catalog/public/d1e6237b708d474a7effab2be82f6c35-500x500.jpg", "photo4": "https://jet-web.s3.us-west-1.amazonaws.com/images/cache/catalog/public/737738909e4b6eb8e714b74c8a2a07af-500x500.jpg"}'),
    (3, 5, "LMK200HMW.AMIABLUE", 2020, "Esplndidas fotos de cosas pequeas con el LG K22. Toma fotos elaboradas de mascotas, gotas de lluvia o ptalos de flores sin tener que hacer zoom. La distancia focal mnima de 4cm de la cmara macro te mantiene totalmente enfocado incluso al estar extremadamente cerca.", '{"photo1": "https://jet-web.s3.us-west-1.amazonaws.com/images/cache/catalog/public/118ff862ed0259acf692a85e7b5867a3-500x500.jpg", "photo2": "https://jet-web.s3.us-west-1.amazonaws.com/images/cache/catalog/public/19014b1602528b653737c25a596b9c1c-500x500.jpg", "photo3": "https://jet-web.s3.us-west-1.amazonaws.com/images/cache/catalog/public/88222a958241260f774011f5125b5bdf-500x500.jpg", "photo4": "https://jet-web.s3.us-west-1.amazonaws.com/images/cache/catalog/public/afcebecbe0ffa8973a9dcd9072e0210f-500x500.jpg", "photo5": "https://jet-web.s3.us-west-1.amazonaws.com/images/cache/catalog/public/7c857da93d353fb34310a76156cc0b64-500x500.jpg", "photo6": "https://jet-web.s3.us-west-1.amazonaws.com/images/cache/catalog/public/3675ef1b741723109d6cda6f32c342f2-500x500.jpg"}'), -- 32
    (7, 5, "MOTO-E7PLUS-BLUE64GB", 2021, "El Motorola Moto E7 Plus pasa a integrar la serie Moto E de sptima generacin con una pantalla HD+ de 6.5 pulgadas. Por dentro, encontramos un procesador Snapdragon 460 con 4GB de memoria RAM y 64GB de almacenamiento interno expandible.", '{"photo1": "https://jet-web.s3.us-west-1.amazonaws.com/images/cache/catalog/public/58cd0e9ee82a7e0e4aff268eff4824cd-500x500.jpg", "photo2": "https://jet-web.s3.us-west-1.amazonaws.com/images/cache/catalog/public/dd988a9cbd82b97177298b3471564bb6-500x500.jpg", "photo3": "https://jet-web.s3.us-west-1.amazonaws.com/images/cache/catalog/public/a01f21b2f8cc4305fcab1e53cbedd31b-500x500.jpg", "photo4": "https://jet-web.s3.us-west-1.amazonaws.com/images/cache/catalog/public/bf4e1fed07684ee1eb934a4be9672ff8-500x500.jpg", "photo5": "https://jet-web.s3.us-west-1.amazonaws.com/images/cache/catalog/public/d08afaaaf81b5ce7fe133d8134df369d-500x500.jpg"}'),
    (13, 5, "XIA-REDMI9-GREY", 2021, "El Xiaomi Redmi 9 posee el novedoso sistema operativo Android 10 que incorpora respuestas inteligentes y acciones sugeridas para todas tus aplicaciones. Entre sus diversas funcionalidades encontrars el tema oscuro y navegacin por gestos.<span></span>", '{"photo1": "https://jet-web.s3.us-west-1.amazonaws.com/images/cache/catalog/public/233d940a8275aaaaa211f32d09f6d1cb-500x500.jpg", "photo2": "https://jet-web.s3.us-west-1.amazonaws.com/images/cache/catalog/public/a64a63c2311267333a7f60fb98625b1e-500x500.jpg"}'),
    (3, 5, "LMQ730BAW.AMIATN", 2021, "Exprsale al mundo quin eres con el nuevo LG K71, el dispositivo que mejora tu #VidaCreativa y todas tus formas de vivirla. Ya sea que experimentes, crees o compartas contenido, LG K71 te da un potencial ilimitado aunque tengas un presupuesto limitado.", '{"photo1": "https://jet-web.s3.us-west-1.amazonaws.com/images/cache/catalog/public/26e627e66adcbac8e9c7a351f780433d-500x500.jpg", "photo2": "https://jet-web.s3.us-west-1.amazonaws.com/images/cache/catalog/public/d8fdf704d82e955190954bdc9ca0efbd-500x500.jpg", "photo3": "https://jet-web.s3.us-west-1.amazonaws.com/images/cache/catalog/public/411ac134bc28dfaa59d5790a60edadac-500x500.jpg", "photo4": "https://jet-web.s3.us-west-1.amazonaws.com/images/cache/catalog/public/e8cf559aea6ae934bfea293f3485f13f-500x500.jpg", "photo5": "https://jet-web.s3.us-west-1.amazonaws.com/images/cache/catalog/public/3952ad8ccdc2669e01d1d6bd577608bf-500x500.jpg", "photo6": "https://jet-web.s3.us-west-1.amazonaws.com/images/cache/catalog/public/2f32f875f8330e24b6cfae70886bea9b-500x500.jpg", "photo7": "https://jet-web.s3.us-west-1.amazonaws.com/images/cache/catalog/public/5d678210afa6c30f872b8d1777808e50-500x500.jpg", "photo8": "https://jet-web.s3.us-west-1.amazonaws.com/images/cache/catalog/public/ccd09a7af9246f1328a0ceb78df7b584-500x500.jpg"}'),
    (7, 5, "MOTO-FUSION-EMERALD", 2020, "Motorola one fusion + Moto-Fusion-Emerald rene un increble sistema de cmara cudruple de 64 MP junto con un rendimiento imparable y duracin de la batera. Con una gama de colores un 25% ms grande y HDR10, su entretenimiento cobrar vida en una pantalla Total Vision de 6.5", '{"photo1": "https://jet-web.s3.us-west-1.amazonaws.com/images/cache/catalog/public/72562988638c58caa69ca337a2137135-500x500.jpg", "photo2": "https://jet-web.s3.us-west-1.amazonaws.com/images/cache/catalog/public/0ad9e57b0d207b5cc12f3150deea10a6-500x500.jpg", "photo3": "https://jet-web.s3.us-west-1.amazonaws.com/images/cache/catalog/public/714e59a58e5ccbe35a4fb893dd60e3cf-500x500.jpg", "photo4": "https://jet-web.s3.us-west-1.amazonaws.com/images/cache/catalog/public/ea921fa06880e23fb23be7900db26750-500x500.jpg", "photo5": "https://jet-web.s3.us-west-1.amazonaws.com/images/cache/catalog/public/14f6f3c4720fb02455a38695e57204fa-500x500.jpg"}'), -- 36
    (11, 5, "IPHONE-12-64GB-BLK", 2019, "iPhone 12. 5G para descargar pelculas sobre la marcha y transmitir videos de alta calidad. Pantalla Super Retina XDR de 6.1 pulgadas maravillosamente brillante. Ceramic Shield con un rendimiento de cada 4 veces mejor. Increble fotografa con poca luz con el modo Noche en todas las cmaras.", '{"photo1": "https://jet-web.s3.us-west-1.amazonaws.com/images/cache/catalog/public/72f28ae5d7cf23847428fb8c3b6bc88c-500x500.jpg", "photo2": "https://jet-web.s3.us-west-1.amazonaws.com/images/cache/catalog/public/cd051609d78570bca6a70ab89d74ec2a-500x500.jpg", "photo3": "https://jet-web.s3.us-west-1.amazonaws.com/images/cache/catalog/public/28db26aeac1b6eb19edb0d1ba3f3e2b7-500x500.jpg", "photo4": "https://jet-web.s3.us-west-1.amazonaws.com/images/cache/catalog/public/756c6060e5e8fb65356ee4210f394801-500x500.jpg"}'),
    (13, 5, "XIA-REDMI-NOTE9-GREY", 2021, "El Redmi Note 9 es un buen telfono inteligente Android, ideal para fotos, que puede satisfacer incluso a los usuarios ms exigentes. Tiene una enorme pantalla tctil de 6.53 pulgadas con una resolucin de 2340 x 1080 pxeles. Sobre las caractersticas de este Redmi Note 9, en realidad no falta nada.", '{"photo1": "https://jet-web.s3.us-west-1.amazonaws.com/images/cache/catalog/public/8f56afd49530fa6d4921f1e4fb0cb5e5-500x500.jpg", "photo2": "https://jet-web.s3.us-west-1.amazonaws.com/images/cache/catalog/public/d5ec940b4dc2b317fd38ac6d466734ac-500x500.jpg", "photo3": "https://jet-web.s3.us-west-1.amazonaws.com/images/cache/catalog/public/18b4debcc52e585a89f65ea1e6bb38e3-500x500.jpg", "photo4": "https://jet-web.s3.us-west-1.amazonaws.com/images/cache/catalog/public/339299aed7598c40ae89a0da6e64c8fe-500x500.jpg"}'),
    (2, 5, "SAMS-A31-BLUE128GB", 2020, "Con cuatro cmaras traseras y una pantalla enorme, el telfono inteligente Galaxy A31 A315G Dual-SIM GB de Samsung le brinda opciones de entretenimiento verstiles y de alta calidad.", '{"photo1": "https://jet-web.s3.us-west-1.amazonaws.com/images/cache/catalog/public/c69145b1bc656fa8aa57e8d8838ad105-500x500.jpg", "photo2": "https://jet-web.s3.us-west-1.amazonaws.com/images/cache/catalog/public/411eddf657389bbc9bb77f6819cc2e17-500x500.jpg", "photo3": "https://jet-web.s3.us-west-1.amazonaws.com/images/cache/catalog/public/2e6eb40334ba122620462e56f5fffb87-500x500.jpg", "photo4": "https://jet-web.s3.us-west-1.amazonaws.com/images/cache/catalog/public/5e18b11d797928711e90266e78c7bbc0-500x500.jpg", "photo5": "https://jet-web.s3.us-west-1.amazonaws.com/images/cache/catalog/public/5ed1062845fba28668fcfaa62bd2f3a4-500x500.jpg", "photo6": "https://jet-web.s3.us-west-1.amazonaws.com/images/cache/catalog/public/01d90fdddcaabc05ba61940694808c09-500x500.jpg"}'),
    (14, 5, "HUA-P40LITE-BLK", 2019, "El diseo de HUAWEI P40 lite enfatiza lo esencial, sin trucos innecesarios. El cuerpo tiene un diseo curvo de cuatro lados, por lo que se siente tan bien como se ve. La cmara frontal se encuentra dentro de la pantalla HUAWEI Punch FullView de 6,4 , por lo que se aprovecha al mximo el espacio, solo pantalla para tu disfrute.", '{"photo1": "https://jet-web.s3.us-west-1.amazonaws.com/images/cache/catalog/public/de3fc7204d55526f7db9c8a508e70b83-500x500.jpg", "photo2": "https://jet-web.s3.us-west-1.amazonaws.com/images/cache/catalog/public/846ea809e69bf19a66b848fd04eed294-500x500.jpg", "photo3": "https://jet-web.s3.us-west-1.amazonaws.com/images/cache/catalog/public/168f93b2e2e2c52212b04533f8c4c512-500x500.jpg", "photo4": "https://jet-web.s3.us-west-1.amazonaws.com/images/cache/catalog/public/22b5136fb5697288b70ef5ccf8e38411-500x500.jpg", "photo5": "https://jet-web.s3.us-west-1.amazonaws.com/images/cache/catalog/public/8c61d0f14f9a804cc1cb65d510c80956-500x500.jpg", "photo6": "https://jet-web.s3.us-west-1.amazonaws.com/images/cache/catalog/public/e13289adcf67fd50fc9ab0605b573f9f-500x500.jpg"}'), -- 40
    (2, 5, "SAMS-A12-BLACK64GB", 2021, "Expande tu vista a la pantalla Infinity-V de 6.5 pulgadas del Galaxy A12 y ve lo que se has estado perdiendo. Gracias a la tecnologa HD +, tu contenido diario se ve ntido y claro. Galaxy A12 combina una esttica de diseo aerodinmico con colores clsicos. Las curvas refinadas lo hacen cmodo de sostener y brindan una fcil navegacin por la pantalla.", '{"photo1": "https://jet-web.s3.us-west-1.amazonaws.com/images/cache/catalog/public/7204fb86435a63372ae8ce3ffc6b1f72-500x500.jpg", "photo2": "https://jet-web.s3.us-west-1.amazonaws.com/images/cache/catalog/public/a2e61d6f6efe51377e8dc57c7fe9379b-500x500.jpg", "photo3": "https://jet-web.s3.us-west-1.amazonaws.com/images/cache/catalog/public/b108f1e5c277fd10cb349b60d209f9e9-500x500.jpg", "photo4": "https://jet-web.s3.us-west-1.amazonaws.com/images/cache/catalog/public/a1b497d292c2911706a71c2fbb168f6d-500x500.jpg", "photo5": "https://jet-web.s3.us-west-1.amazonaws.com/images/cache/catalog/public/cf97272e85c65dfbc73ff2b6feb9316e-500x500.jpg", "photo6": "https://jet-web.s3.us-west-1.amazonaws.com/images/cache/catalog/public/6f7991e3a3b074eb0df9b14743b6e815-500x500.jpg", "photo7": "https://jet-web.s3.us-west-1.amazonaws.com/images/cache/catalog/public/703af03cfdb42fafd3d26d2cf78523cb-500x500.jpg", "photo8": "https://jet-web.s3.us-west-1.amazonaws.com/images/cache/catalog/public/12b749de123eaee4a0686c8b6936d375-500x500.jpg"}'),
    (3, 5, "LMK200HMW.AMIATN", 2020, "Esplndidas fotos de cosas pequeascon el LG K22. Toma fotos elaboradas de mascotas, gotas de lluvia o ptalos de flores sin tener que hacer zoom. La distancia focal mnima de 4cm de la cmara macro te mantiene totalmente enfocado incluso al estar extremadamente cerca.", '{"photo1": "https://jet-web.s3.us-west-1.amazonaws.com/images/cache/catalog/public/6466ca4f6b6abd160f0821ac51a44d86-500x500.jpg", "photo2": "https://jet-web.s3.us-west-1.amazonaws.com/images/cache/catalog/public/f4b3e25ecb345ee64845ae6579b71796-500x500.jpg", "photo3": "https://jet-web.s3.us-west-1.amazonaws.com/images/cache/catalog/public/3351f40fdc04fd4935a68564ebe0afd1-500x500.jpg", "photo4": "https://jet-web.s3.us-west-1.amazonaws.com/images/cache/catalog/public/ad2cc4f7eccaa67e0465babd69959f6c-500x500.jpg", "photo5": "https://jet-web.s3.us-west-1.amazonaws.com/images/cache/catalog/public/2de0bc1bbb857b876a8f7a823901412a-500x500.jpg", "photo6": "https://jet-web.s3.us-west-1.amazonaws.com/images/cache/catalog/public/9ea25e04f243d7980ada1111d5d0ad78-500x500.jpg", "photo7": "https://jet-web.s3.us-west-1.amazonaws.com/images/cache/catalog/public/dfbff7c1689ce073d2e16602b8bec417-500x500.jpg", "photo8": "https://jet-web.s3.us-west-1.amazonaws.com/images/cache/catalog/public/bc932d028d6d1a8178fbe159b271817a-500x500.jpg"}'),
    (2, 5, "SAMS-A12-BLUE64GB", 2019, "Expande tu vista a la pantalla Infinity-V de 6.5 pulgadas del Galaxy A12 y ve lo que se has estado perdiendo. Gracias a la tecnologa HD +, tu contenido diario se ve ntido y claro. Galaxy A12 combina una esttica de diseo aerodinmico con colores clsicos. Las curvas refinadas lo hacen cmodo de sostener y brindan una fcil navegacin por la pantalla.", '{"photo1": "https://jet-web.s3.us-west-1.amazonaws.com/images/cache/catalog/public/e6855205795246089662781c0d00ec94-500x500.jpg", "photo2": "https://jet-web.s3.us-west-1.amazonaws.com/images/cache/catalog/public/069c51f75bd199f89775da5fb4319dee-500x500.jpg", "photo3": "https://jet-web.s3.us-west-1.amazonaws.com/images/cache/catalog/public/0c2e67566c4be4e3df91e9b996a8bbb2-500x500.jpg", "photo4": "https://jet-web.s3.us-west-1.amazonaws.com/images/cache/catalog/public/c0e35cc4dc2df7314a54245a17740928-500x500.jpg", "photo5": "https://jet-web.s3.us-west-1.amazonaws.com/images/cache/catalog/public/f96fa4c804d8910f2e2761420dc7b119-500x500.jpg", "photo6": "https://jet-web.s3.us-west-1.amazonaws.com/images/cache/catalog/public/582d1197ca91a47f21d83c5786c26662-500x500.jpg", "photo7": "https://jet-web.s3.us-west-1.amazonaws.com/images/cache/catalog/public/1a0b783f79ffda031e958c5ee600cc6e-500x500.jpg", "photo8": "https://jet-web.s3.us-west-1.amazonaws.com/images/cache/catalog/public/5ab533bc111be70c7d60ad4eb46f4f2a-500x500.jpg"}'),
    (7, 5, "MOTO-E7PLUS-ORANGE64GB", 2019, "El Motorola Moto E7 Plus pasa a integrar la serie Moto E de sptima generacin con una pantalla HD+ de 6.5 pulgadas. Por dentro, encontramos un procesador Snapdragon 460 con 4GB de memoria RAM y 64GB de almacenamiento interno expandible.", '{"photo1": "https://jet-web.s3.us-west-1.amazonaws.com/images/cache/catalog/public/3c4a11c13265cb1c5ebf255b359ee51f-500x500.jpg", "photo2": "https://jet-web.s3.us-west-1.amazonaws.com/images/cache/catalog/public/13bd8df0faef049f29ca43c6eb8a6d1b-500x500.jpg", "photo3": "https://jet-web.s3.us-west-1.amazonaws.com/images/cache/catalog/public/ce99d6b3310698531e7c97bde0b1fe70-500x500.jpg", "photo4": "https://jet-web.s3.us-west-1.amazonaws.com/images/cache/catalog/public/8b4d9d62791e27518bd914cacbc29042-500x500.jpg", "photo5": "https://jet-web.s3.us-west-1.amazonaws.com/images/cache/catalog/public/666d0ebbf0575cf30091b75a1f9676f9-500x500.jpg"}'),
    (7, 5, "MOTO-E6S-GRAY32GB", 2019, "El Moto E6S cuenta con una pantalla HD + de 15,49 cm con una relacin de aspecto de 19,5: 9 que ayuda a dar vida a su contenido favorito al brindarle la mxima visualizacin. Puede hacer clic en imgenes espectaculares mientras viaja con la cmara de enfoque automtico de 13 MP de este telfono. Gracias al flash LED incorporado, no tendr dificultades para hacer clic en las imgenes en condiciones de poca luz.", '{"photo1": "https://jet-web.s3.us-west-1.amazonaws.com/images/cache/catalog/public/ab9267f056b8bc1fd4d5c16e244765cd-500x500.jpg", "photo2": "https://jet-web.s3.us-west-1.amazonaws.com/images/cache/catalog/public/9564c28aec70d658bdedca9c6e33ffb3-500x500.jpg", "photo3": "https://jet-web.s3.us-west-1.amazonaws.com/images/cache/catalog/public/91c7ff121b2fc4ba797a4511c947c43a-500x500.jpg", "photo4": "https://jet-web.s3.us-west-1.amazonaws.com/images/cache/catalog/public/3c9bdc7d71d6b1e2bc5b2c79f14523c0-500x500.jpg"}'), 
    (2, 5, "SAMS-S20FE-GREEN128GB", 2019, "Este es el telfono hecho para personas que lo quieren todo. Est repleto de funciones hechas a medida para fanticos de todo tipo, ya sea que te guste la fotografa, los juegos o llenar tu feed con todo lo que te inspira. Este es el telfono que deja atrs el compromiso y ofrece las innovaciones del Galaxy S20 para que todos tengan acceso a una tecnologa increble.", '{"photo1": "https://jet-web.s3.us-west-1.amazonaws.com/images/cache/catalog/public/c46d4019cfcfc19eb4adee2ceabfae1f-500x500.jpg", "photo2": "https://jet-web.s3.us-west-1.amazonaws.com/images/cache/catalog/public/05f69411dc67e97e41aef76bf5f3c822-500x500.jpg", "photo3": "https://jet-web.s3.us-west-1.amazonaws.com/images/cache/catalog/public/97099de59e6f16f8ac6a5a574e9ffcf4-500x500.jpg", "photo4": "https://jet-web.s3.us-west-1.amazonaws.com/images/cache/catalog/public/6585de50e32532a74abf20908a5c1a3e-500x500.jpg", "photo5": "https://jet-web.s3.us-west-1.amazonaws.com/images/cache/catalog/public/0ea2a30bd73c50f444cf919c2a467aaa-500x500.jpg", "photo6": "https://jet-web.s3.us-west-1.amazonaws.com/images/cache/catalog/public/16163c8177474f8b77fc2e7631587f57-500x500.jpg"}'), -- 46
    (14, 5, "HUA-Y7A-BLK", 2020, "Con una artesana refinada y un revestimiento exquisito, el aspecto elegante de HUAWEI Y7a combinado con bordes curvos ofrece un toque cmodo en sus manos. Los tres colores dinmicos brillan en la luz y dejan que te encante a primera vista.", '{"photo1": "https://jet-web.s3.us-west-1.amazonaws.com/images/cache/catalog/public/5bb6fde0ace07364eda404e09b8dfc0d-500x500.jpg", "photo2": "https://jet-web.s3.us-west-1.amazonaws.com/images/cache/catalog/public/5d64b16f62697999c6ac233798bc159e-500x500.jpg", "photo3": "https://jet-web.s3.us-west-1.amazonaws.com/images/cache/catalog/public/cd523c7a3dfa99ee880a2d5ee3750dca-500x500.jpg", "photo4": "https://jet-web.s3.us-west-1.amazonaws.com/images/cache/catalog/public/7362b8001b9c36e7defce789b241be18-500x500.jpg", "photo5": "https://jet-web.s3.us-west-1.amazonaws.com/images/cache/catalog/public/88b212902895bd6f1f790ed76a2ff1d8-500x500.jpg"}')

;

-- ---------------------------------------------------------------------------------------------------------------------------------------------------------------------------------------------------------------------------------------------------------------------------------------------------------------------------------------
-- ---------------------------------------------------------------------------------------------------------------------------------------------------------------------------------------------------------------------------------------------------------------------------------------------------------------------------------------







/*
    (, "", "", , ), 
    (, "", "", , ), 
    (, "", "", , ), 
    (, "", "", , ), 
    (, "", "", , ), 
    (, "", "", , ), 
    (, "", "", , ), 
    (, "", "", , ), 
*/
;





INSERT INTO OperativeSystem(tex_name) VALUES
    ("Windows"),
    ("Tizen"),
    ("webOS Smart TV"),
    ("Android"),    -- 4
    ("ChromeOs"),
    ("Android TV"),
    ("MacOS"),
    ("iOS") -- 8
;

INSERT INTO VersionOS(id_operative_system_fk, tex_name) VALUES
    (1, "10 Home"),
    (7, "Catalina"),
    (4, "9"),
    (4, "10"), -- 4 
    (8, "14")
;

/*
INSERT INTO Port(id_product_fk, sma_usb) VALUES
;

INSERT INTO Port(id_product_fk, sma_usb, sma_hdmi) VALUES 
;

INSERT INTO Port(id_product_fk, sma_usb, sma_hdmi, sma_typec) VALUES 
;
*/

INSERT INTO Port(id_product_fk, sma_hdmi, sma_display_port, sma_usb) VALUES
    (23, 1, 1, 1)
;

INSERT INTO Port(id_product_fk, sma_hdmi) VALUES
    (22, 1),
    (24, 1),
    (27, 2),
    (28, 1),
    (29, 1),
    (30, 1)
;

INSERT INTO Port(id_product_fk, sma_hdmi, sma_display_port) VALUES
    (25, 1, 1),
    (26, 1, 1)
;

--
--  Audio(Equipos de sonido)
--
/*
INSERT INTO Audio(id_product_fk, sma_power, tex_conectivity) VALUES 
;


INSERT INTO AudioSystem(id_audio_fk, tex_format_reproduction) VALUES
;

INSERT INTO HomeTheater(id_audio_fk, tex_port) VALUES
;

INSERT INTO PortableSpeaker(id_audio_fk, tim_battery, bit_water_resistant) VALUES 
;
*/


--
--  Tv y Monitores
--

-- cod_panel_technology ENUM(1 "LCD", 2 "IPS", 3 "LED", 4 "QLED", 5 "OLED", 6 "AMOLED")
-- cod_resolution ENUM(1 "SD", 2 "HD", 3 "FHD", 4 "QHD", 5 "UHD")
INSERT INTO Interface(id_product_fk, cod_panel_technology, dec_diagonal, cod_resolution) VALUES 
    (21, 3, 23.6, 3),
    (22, 2, 27, 3),
    (23, 2, 27, 3),
    (24, 2, 21.5, 3), -- 4
    (25, 2, 31.5, 5),
    (26, 2, 24, 3),
    (27, 2, 27, 3),
    (28, 2, 27, 3), -- 8
    (29, 2, 24, 3),
    (30, 3, 24, 3)
   
;

-- INSERT INTO Monitor(id_interface_fk, dec_response_time, sma_refresh_rate) VALUES
INSERT INTO Monitor(id_interface_fk) VALUES
    (1),
    (2),
    (7)
;

INSERT INTO Monitor(id_interface_fk, dec_response_time) VALUES
    (4, 5),
    (5, 4),
    (6, 1),
    (8, 4),
    (9, 5)
;


INSERT INTO Monitor(id_interface_fk, dec_response_time, sma_refresh_rate) VALUES
    (3, 1, 75)
;

/*
INSERT INTO Tv(id_interface_fk, id_version_os_fk, bit_smart) VALUES
;
*/

--
--  Accesorios
-- 
/*
INSERT INTO Accessory(id_product_fk, tex_type) VALUES
;
*/
--
--  Computadoras
--

INSERT INTO Computer(id_product_fk, tex_processor, sma_ram, sma_storage, cod_storage_device) VALUES
    (1, "AMD RYZEN 5 3500U", 8, 256, 2),
    (2, "i7", 12, 256, 2),
    (3, "i5", 8, 256, 2), 
    (4, "Intel Core i5 de 10ma Generacin", 16, 512, 2), 
    (5, "Intel Core i5-10210U", 8, 256, 2),
    (6, "Intel Core i7-1165G7", 8, 512, 4),
    (7, "Intel Core i5 de dcima generacin ", 8, 512, 2),
    (8, "Intel Celeron N4020", 4, 1024, 1),
    (9, "Intel Core i7-1065G7", 8, 512, 4),
    (10, "Intel Core I5", 8, 256, 4 ),
    (11, "Intel Core i7-8750H", 16, 512, 3),
    (12, "Intel Core i7-1065G7 ", 8, 512, 1),
    (13, "Intel Core I5", 16, 1024, 2),
    (14, "Intel core i7-10750H",16, 512, 4),
    (15, "Intel Core i7-10510U ", 8, 512, 2),
    (16, "Intel Core i3-8145U", 4,256, 4),
    (17, "Intel Core i5-1135G7", 4, 1024, 1),
    (18, "Intel Core i5-10210U", 8, 256, 4),
    (19, "Intel Core i5-1135G7", 8, 256, 4),
    (20, "Intel Core i7-10750H", 16, 512, 4)
;
INSERT INTO Computer(id_product_fk, tex_processor, sma_ram, sma_storage) VALUES
    (31, "MediaTek Helio P35", 4, 64),
    (32, "1.3GHZ,Quad Core (QM215)", 2, 32), -- 22
    (33, "Snapdragon 460", 4, 64),
    (34, "Helio G80", 4, 64),
    (35, "Octa-core 2.3 GHz (MT6765)", 4, 128),
    (36, "Qualcomm SDM710 Snapdragon 710 octa-core 2.2GHz", 4, 128), -- 26
    (37, "A14 Bionic", 4, 128),
    (38, "MediaTek Helio G85 octa-core 2GHz", 4, 128), 
    (39, "Mediatek MT6768 Helio P65 (12nm)", 4, 64), 
    (40, "HiSilicon Kirin 810 octa-core 2.27GHz", 6, 128), -- 30
    (41, "Mediatek MT6765 Helio P35", 4, 64),
    (42, "1.3GHZ,Quad Core (QM215)", 2, 32), 
    (43, "Mediatek MT6765 Helio P35 (12nm)",4, 64),
    (44, "Qualcomm SM4250 Snapdragon 460 octa-core 1.8GHz", 4, 64),
    (45, "MediaTek Helio P22", 2, 32),
    (46, "2.7GHz Snapdragon 865 (versin 5G a nivel mundial)/Exynos 990 (versin 4G LTE)", 6, 128),
    (47, "HUAWEI Kirin 710A 4 x Cortex-A73 2,0 GHz + 4 x Cortex-A53 1,7 GHz", 4, 64)
;

-- INSERT INTO Portable(id_computer_fk, id_version_os_fk, dec_diagonal, sma_battery) VALUES
INSERT INTO Portable(id_computer_fk, id_version_os_fk, dec_diagonal) VALUES
    (1, 1, 15), 
    (2, 1, 15),
    (3, 1, 14),
    (4, 2, 13),
    (5, 1, 14),
    (6, 1, 14),
    (7, 2, 13.3),
    (8, 1, 14),
    (9, 1, 15),
    (10, 1, 15),
    (11, 1, 17),
    (12, 1, 15),
    (13, 2, 13),
    (14, 1, 15),
    (15, 1, 13.3),
    (16, 1, 14),
    (17, 1, 15),
    (18, 1, 14),
    (19, 1, 15),
    (20, 1, 17),
    (21, 3, 6.5), 
    (22, 4, 6.2),
    (23, 4, 6.5),
    (24, 4, 6.5),
    (25, 4, 6.8),
    (26, 4, 6.5),
    (27, 5, 6.2),
    (28, 4, 6.5),
    (29, 4, 6.4), 
    (30, 4, 6.4),
    (31, 4, 6.5),
    (32, 4, 6.2),
    (33, 4, 6.5),
    (34, 4, 6.5),
    (35, 4, 6.1),
    (36, 4, 6.5),
    (37, 4, 6.6)
;

INSERT INTO Laptop(id_portable_fk, cod_type) VALUES
    (1, 1),
    (3, 1),
    (6, 2),
    (12, 2),
    (17, 1),
    (19, 1)
;

INSERT INTO Laptop(id_portable_fk, cod_type, tim_battery) VALUES
    (2, 1, "10:00:00"),
    (4, 6, "10:00:00"), 
    (5, 2, "8:00:00"),
    (7, 6, "11:00:00"),
    (8, 1, "11:30:00"),
    (9, 2, "6:00:00"),
    (13, 6, "10:00:00"),
    (16, 4, "10:00:00"),
    (18, 4, "9:00:00")
;


INSERT INTO Laptop(id_portable_fk, tex_graphic, cod_type) VALUES
    (10, "NVIDIA GeForce GTX 1650 4GB GDDR6", 3), 
    (11, "NVIDIA GeForce GTX 1080 OC con GDDR5X de 8 GB", 3),
    (14, "NVIDIA GeForce RTX 2060 6 GB GDDR6", 3),
    (15, "NVIDIA GeForce MX330 con 2 GB de DDR5", 2), 
    (20, "NVIDIA GeForce RTX 2070 Super, 8 GB GDDR6", 3)  
;

-- cod_connector ENUM("1 microUSB", " 2 type-c")
INSERT INTO Smartphone(id_portable_fk, tex_color, sma_front_camera, sma_rear_camera, cod_connector, sma_battery) VALUES
    (21, "Azul",8, 16, 1, 5000),
    (22, "Azul", 5, 13, 1, 3000),
    (23, "Azul", 8, 48, 2, 5000),
    (24, "Gray", 8, 13, 2, 5020), 
    (25, "Gris", 32, 48,2, 4000),
    (26, "Verde", 8, 48, 2,5000), 
    (27, "Black",12,12, 2, 2815),
    (28, "Gris", 13, 48, 2, 5020),
    (29, "Azul", 20, 48, 2, 5000), 
    (30, "Midnigth Black",16, 48, 2, 3800),
    (31, "Negro", 8, 48, 1, 5000),
    (32, "Gris", 5, 13, 1, 3000),
    (33, "Azul", 8,48,1, 5000) ,
    (34, "Naranja", 8,48,1, 5000),
    (35, "Meteor gray", 5,13,1, 5000), 
    (36, "Cloud mint", 16, 32, 2, 4500),
    (37, "Midnight Black", 8,48, 2, 5000)
;

--
--  Inventario
--
INSERT INTO Inventory(id_product_fk, med_quantity, dec_sale_price, dec_purchase_price) VALUES 
    (1, 39, 19995.0, 17000),
    (2, 69, 26995.0, 20000),
    (3, 108, 25995, 23000),
    (4, 25, 63995.0, 59789.58),
    (5, 199, 18994.99, 14611.53076923077),
    (6, 319, 34995.0, 26919.23076923077),
    (7, 433, 49595.0, 38150.0),
    (8, 293, 10795.0, 8303.846153846154),
    (9, 393, 30995.0, 23842.30769230769),
    (10, 9, 28595.0, 21996.153846153844),
    (11, 495, 99995.0, 76919.23076923077),
    (12, 270, 29995.0, 23073.076923076922),
    (13, 135, 71995.0, 55380.76923076923),
    (14, 29, 51995.0, 39996.153846153844),
    (15, 215, 36995.0, 28457.69230769231),
    (16, 301, 18995.0, 14611.538461538461),
    (17, 358, 16995.0, 13073.076923076922),
    (18, 465, 22995.0, 17688.46153846154),
    (19, 100, 21995.0, 16919.23076923077),
    (20, 459, 58995.0, 45380.76923076923),
    (21, 187, 4995.0, 3842.3076923076924),
    (22, 251, 6994.99, 5380.761538461538),
    (23, 39, 6895.0, 5303.846153846153),
    (24, 61, 4195.0, 3226.9230769230767),
    (25, 121, 12995.0, 9996.153846153846),
    (26, 281, 5595.0, 4303.846153846153),
    (27, 58, 6495.0, 4996.153846153846),
    (28, 27, 4994.99, 3842.2999999999997),
    (29, 84, 5195.0, 3996.153846153846),
    (30, 467, 4195.0, 3226.9230769230767),
    (31, 337, 4395.0, 3380.7692307692305),
    (32, 174, 2995.0, 2303.846153846154),
    (33, 64, 3995.0, 3073.076923076923),
    (34, 470, 4995.0, 3842.3076923076924),
    (35, 60, 9395.0, 7226.923076923076),
    (36, 266, 5695.0, 4380.7692307692305),
    (37, 382, 30995.0, 23842.30769230769),
    (38, 337, 6495.0, 4996.153846153846),
    (39, 47, 7995.0, 6150.0),
    (40, 391, 7994.99, 6149.992307692307),
    (41, 31, 4695.0, 3611.5384615384614),
    (42, 353, 2995.0, 2303.846153846154),
    (43, 173, 4695.0, 3611.5384615384614),
    (44, 492, 3995.0, 3073.076923076923),
    (45, 484, 2995.0, 2303.846153846154),
    (46, 426, 19995.0, 15380.76923076923),
    (47, 196, 5995.0, 4611.538461538461)
;